id,tenant_id,anomaly_type,severity,detector_votes,vote_count,stl_residual_zscore,isolation_score,cusum_value,observed_value,baseline_mean,baseline_std_dev,description,trigger_log_id,resolved,resolved_at,detected_at,agent_id,model
a1260468-1a63-4c8b-bbe1-4b41cbc4ddc7,enterprise_corp,cost_spike,critical,,1,,,,24.95178681668529,1.5886078087244764,0.5,Detected highly unusual volume spike,,False,,2026-04-05 17:15:36.291717+00:00,agent_alpha,*
f1ff0750-1412-42d2-be0b-d8e3abd60633,enterprise_corp,cost_spike,medium,,1,,,,44.9263588921347,4.81805271575998,0.5,Detected highly unusual volume spike,,False,,2026-04-04 09:15:36.291717+00:00,agent_alpha,*
27439e10-9994-4aa5-8632-2ad657fb798a,enterprise_corp,latency_degradation,high,,1,,,,14.249146367219886,1.0664340391910518,0.5,Detected highly unusual volume spike,,False,,2026-04-04 07:15:36.291717+00:00,agent_alpha,*
2c97abe4-4d5f-4135-9d4f-52c2baf9894b,C3_ENTERPRISE,token_spike,warning,csv_import,1,,,,16.0,8.0,1.6,Imported anomaly flag from CSV (16 flagged calls on 2025-06-30),,False,,2025-06-30 23:59:59+00:00,*,*
451dfdae-bb4c-49aa-8893-98fbf44de54d,C2_MEDIUM,token_spike,critical,csv_import,1,,,,7.0,3.5,0.7000000000000001,Imported anomaly flag from CSV (7 flagged calls on 2025-06-30),,False,,2025-06-30 23:59:59+00:00,*,*
585fa20b-c716-4b45-b7bc-095d8652f4d0,C1_SMALL,token_spike,high,csv_import,1,,,,1.0,0.5,0.1,Imported anomaly flag from CSV (1 flagged calls on 2025-06-30),,False,,2025-06-30 23:59:59+00:00,*,*
e3a457a4-bc06-4845-a805-083bf8ca8a06,C3_ENTERPRISE,token_spike,critical,csv_import,1,,,,6.0,3.0,0.6000000000000001,Imported anomaly flag from CSV (6 flagged calls on 2025-06-29),,False,,2025-06-29 23:59:59+00:00,*,*
c773d2ea-aa81-401f-8e22-d59b44292d8b,C2_MEDIUM,token_spike,critical,csv_import,1,,,,3.0,1.5,0.30000000000000004,Imported anomaly flag from CSV (3 flagged calls on 2025-06-29),,False,,2025-06-29 23:59:59+00:00,*,*
48147c7e-22b2-4ba0-b340-33e1d4b9bbea,C3_ENTERPRISE,token_spike,high,csv_import,1,,,,13.0,6.5,1.3,Imported anomaly flag from CSV (13 flagged calls on 2025-06-28),,False,,2025-06-28 23:59:59+00:00,*,*
6230e4ab-6f49-410e-a86a-97bcbb0cdd1e,C2_MEDIUM,token_spike,high,csv_import,1,,,,3.0,1.5,0.30000000000000004,Imported anomaly flag from CSV (3 flagged calls on 2025-06-28),,False,,2025-06-28 23:59:59+00:00,*,*
064b5961-8d0f-479a-a403-d6058992429a,C1_SMALL,token_spike,high,csv_import,1,,,,1.0,0.5,0.1,Imported anomaly flag from CSV (1 flagged calls on 2025-06-28),,False,,2025-06-28 23:59:59+00:00,*,*
8aa23c03-16c7-492e-b793-0ead911f64ed,C3_ENTERPRISE,token_spike,high,csv_import,1,,,,16.0,8.0,1.6,Imported anomaly flag from CSV (16 flagged calls on 2025-06-27),,False,,2025-06-27 23:59:59+00:00,*,*
8d8ada58-9fe1-4c2d-be38-373a992a9446,C2_MEDIUM,token_spike,warning,csv_import,1,,,,8.0,4.0,0.8,Imported anomaly flag from CSV (8 flagged calls on 2025-06-27),,False,,2025-06-27 23:59:59+00:00,*,*
7db484a1-c174-40f0-b0bd-fc4101397c10,C3_ENTERPRISE,token_spike,high,csv_import,1,,,,14.0,7.0,1.4000000000000001,Imported anomaly flag from CSV (14 flagged calls on 2025-06-26),,False,,2025-06-26 23:59:59+00:00,*,*
dbd12f29-59c7-4c50-ae44-069b14a44033,C2_MEDIUM,token_spike,high,csv_import,1,,,,2.0,1.0,0.2,Imported anomaly flag from CSV (2 flagged calls on 2025-06-26),,False,,2025-06-26 23:59:59+00:00,*,*
cbf5f19c-82ee-4399-8db4-5b151d5ad6bc,C1_SMALL,token_spike,high,csv_import,1,,,,3.0,1.5,0.30000000000000004,Imported anomaly flag from CSV (3 flagged calls on 2025-06-26),,False,,2025-06-26 23:59:59+00:00,*,*
773b4f93-494b-4995-9d7f-41ccf0143747,C3_ENTERPRISE,token_spike,warning,csv_import,1,,,,17.0,8.5,1.7000000000000002,Imported anomaly flag from CSV (17 flagged calls on 2025-06-25),,False,,2025-06-25 23:59:59+00:00,*,*
5f69515b-24de-42f3-81cd-a8bb24240f66,C2_MEDIUM,token_spike,critical,csv_import,1,,,,5.0,2.5,0.5,Imported anomaly flag from CSV (5 flagged calls on 2025-06-25),,False,,2025-06-25 23:59:59+00:00,*,*
67880c99-e7b5-4485-859e-c7fded1acdfb,C1_SMALL,token_spike,warning,csv_import,1,,,,1.0,0.5,0.1,Imported anomaly flag from CSV (1 flagged calls on 2025-06-25),,False,,2025-06-25 23:59:59+00:00,*,*
82458e98-1882-45cd-a4b8-ca399b1b29c4,C3_ENTERPRISE,token_spike,warning,csv_import,1,,,,9.0,4.5,0.9,Imported anomaly flag from CSV (9 flagged calls on 2025-06-24),,False,,2025-06-24 23:59:59+00:00,*,*
1d7badfb-75bb-46f7-a765-8847cfb68bae,C2_MEDIUM,token_spike,critical,csv_import,1,,,,6.0,3.0,0.6000000000000001,Imported anomaly flag from CSV (6 flagged calls on 2025-06-24),,False,,2025-06-24 23:59:59+00:00,*,*
78d609b5-26d4-4b4c-9d58-ccce0e8c32f5,C3_ENTERPRISE,token_spike,critical,csv_import,1,,,,10.0,5.0,1.0,Imported anomaly flag from CSV (10 flagged calls on 2025-06-23),,False,,2025-06-23 23:59:59+00:00,*,*
530a06be-b05d-4a81-83b4-8f37323b5860,C2_MEDIUM,token_spike,critical,csv_import,1,,,,7.0,3.5,0.7000000000000001,Imported anomaly flag from CSV (7 flagged calls on 2025-06-23),,False,,2025-06-23 23:59:59+00:00,*,*
08569626-4554-4f86-9ca3-3be78894b677,C1_SMALL,token_spike,high,csv_import,1,,,,1.0,0.5,0.1,Imported anomaly flag from CSV (1 flagged calls on 2025-06-23),,False,,2025-06-23 23:59:59+00:00,*,*
a7b73d17-e139-45ec-b1d7-db1e35ddb5fe,C3_ENTERPRISE,token_spike,high,csv_import,1,,,,7.0,3.5,0.7000000000000001,Imported anomaly flag from CSV (7 flagged calls on 2025-06-22),,False,,2025-06-22 23:59:59+00:00,*,*
a44dfff9-6487-4d83-9b51-ac655ffda52e,C2_MEDIUM,token_spike,critical,csv_import,1,,,,5.0,2.5,0.5,Imported anomaly flag from CSV (5 flagged calls on 2025-06-22),,False,,2025-06-22 23:59:59+00:00,*,*
063094c8-e1d3-4a9a-a7b0-f7ddb5087937,C1_SMALL,token_spike,high,csv_import,1,,,,1.0,0.5,0.1,Imported anomaly flag from CSV (1 flagged calls on 2025-06-22),,False,,2025-06-22 23:59:59+00:00,*,*
7694634f-aa38-4c44-8b2c-07074000ab7d,C3_ENTERPRISE,token_spike,warning,csv_import,1,,,,10.0,5.0,1.0,Imported anomaly flag from CSV (10 flagged calls on 2025-06-21),,False,,2025-06-21 23:59:59+00:00,*,*
1748965e-92da-45ea-85dc-8a9443c66d9b,C2_MEDIUM,token_spike,critical,csv_import,1,,,,1.0,0.5,0.1,Imported anomaly flag from CSV (1 flagged calls on 2025-06-21),,False,,2025-06-21 23:59:59+00:00,*,*
33df6759-e80a-4b64-9110-ad73cc427593,C1_SMALL,token_spike,warning,csv_import,1,,,,2.0,1.0,0.2,Imported anomaly flag from CSV (2 flagged calls on 2025-06-21),,False,,2025-06-21 23:59:59+00:00,*,*
0f86ce70-7f09-45ab-a112-1199faeee4ce,C3_ENTERPRISE,token_spike,high,csv_import,1,,,,16.0,8.0,1.6,Imported anomaly flag from CSV (16 flagged calls on 2025-06-20),,False,,2025-06-20 23:59:59+00:00,*,*
c5c8c017-f368-4f33-9e24-d35f4c4cd279,C2_MEDIUM,token_spike,critical,csv_import,1,,,,6.0,3.0,0.6000000000000001,Imported anomaly flag from CSV (6 flagged calls on 2025-06-20),,False,,2025-06-20 23:59:59+00:00,*,*
e61fe626-a3dd-4e3d-ad80-b07fac796202,C3_ENTERPRISE,token_spike,warning,csv_import,1,,,,15.0,7.5,1.5,Imported anomaly flag from CSV (15 flagged calls on 2025-06-19),,False,,2025-06-19 23:59:59+00:00,*,*
fb1e3d5f-0668-43a4-972c-ae03be6673db,C2_MEDIUM,token_spike,high,csv_import,1,,,,4.0,2.0,0.4,Imported anomaly flag from CSV (4 flagged calls on 2025-06-19),,False,,2025-06-19 23:59:59+00:00,*,*
cff5a919-15c0-4dd8-a6f1-e09656831c7e,C1_SMALL,token_spike,high,csv_import,1,,,,1.0,0.5,0.1,Imported anomaly flag from CSV (1 flagged calls on 2025-06-19),,False,,2025-06-19 23:59:59+00:00,*,*
00a9649f-8574-44ce-a225-679796cef211,C3_ENTERPRISE,token_spike,critical,csv_import,1,,,,17.0,8.5,1.7000000000000002,Imported anomaly flag from CSV (17 flagged calls on 2025-06-18),,False,,2025-06-18 23:59:59+00:00,*,*
5fe52081-21ff-4bb9-9f0e-8d8b103e5b9a,C2_MEDIUM,token_spike,critical,csv_import,1,,,,6.0,3.0,0.6000000000000001,Imported anomaly flag from CSV (6 flagged calls on 2025-06-18),,False,,2025-06-18 23:59:59+00:00,*,*
e9d66ac4-6ef1-4485-922b-6bd58e600961,C3_ENTERPRISE,token_spike,critical,csv_import,1,,,,17.0,8.5,1.7000000000000002,Imported anomaly flag from CSV (17 flagged calls on 2025-06-17),,False,,2025-06-17 23:59:59+00:00,*,*
e5cf3951-5ea3-43a0-9ee9-c37440c2163e,C2_MEDIUM,token_spike,warning,csv_import,1,,,,1.0,0.5,0.1,Imported anomaly flag from CSV (1 flagged calls on 2025-06-17),,False,,2025-06-17 23:59:59+00:00,*,*
15f255c6-d75a-40c5-88b8-af76d9240f45,C1_SMALL,token_spike,critical,csv_import,1,,,,3.0,1.5,0.30000000000000004,Imported anomaly flag from CSV (3 flagged calls on 2025-06-17),,False,,2025-06-17 23:59:59+00:00,*,*
a9b65ec1-ef40-463d-a382-b16614291b9f,C3_ENTERPRISE,token_spike,warning,csv_import,1,,,,17.0,8.5,1.7000000000000002,Imported anomaly flag from CSV (17 flagged calls on 2025-06-16),,False,,2025-06-16 23:59:59+00:00,*,*
18130b7b-78b4-46b3-916e-051247ee22bc,C2_MEDIUM,token_spike,critical,csv_import,1,,,,6.0,3.0,0.6000000000000001,Imported anomaly flag from CSV (6 flagged calls on 2025-06-16),,False,,2025-06-16 23:59:59+00:00,*,*
70ee11c9-d82b-44b7-a685-1ba52ab836f5,C3_ENTERPRISE,token_spike,high,csv_import,1,,,,13.0,6.5,1.3,Imported anomaly flag from CSV (13 flagged calls on 2025-06-15),,False,,2025-06-15 23:59:59+00:00,*,*
eeb5cf08-10e7-46b8-8383-a68c36b40744,C2_MEDIUM,token_spike,critical,csv_import,1,,,,2.0,1.0,0.2,Imported anomaly flag from CSV (2 flagged calls on 2025-06-15),,False,,2025-06-15 23:59:59+00:00,*,*
fdadabe3-8efc-482b-9e4d-bff3883753dc,C1_SMALL,token_spike,warning,csv_import,1,,,,1.0,0.5,0.1,Imported anomaly flag from CSV (1 flagged calls on 2025-06-15),,False,,2025-06-15 23:59:59+00:00,*,*
c403157e-a322-45bd-8017-aa8bc0c518ab,C1_SMALL,token_spike,warning,csv_import,1,,,,1.0,0.5,0.1,Imported anomaly flag from CSV (1 flagged calls on 2025-06-14),,False,,2025-06-14 23:59:59+00:00,*,*
7737e381-c979-475f-9f28-0741425214a5,C2_MEDIUM,token_spike,high,csv_import,1,,,,2.0,1.0,0.2,Imported anomaly flag from CSV (2 flagged calls on 2025-06-14),,False,,2025-06-14 23:59:59+00:00,*,*
7846eb4a-33c3-400d-979e-5509bfd42053,C3_ENTERPRISE,token_spike,critical,csv_import,1,,,,14.0,7.0,1.4000000000000001,Imported anomaly flag from CSV (14 flagged calls on 2025-06-14),,False,,2025-06-14 23:59:59+00:00,*,*
a09481f6-7b49-41b9-8ca6-c801af0a97b9,C1_SMALL,token_spike,warning,csv_import,1,,,,1.0,0.5,0.1,Imported anomaly flag from CSV (1 flagged calls on 2025-06-13),,False,,2025-06-13 23:59:59+00:00,*,*
c9dabc0e-9872-410c-bbbc-3018294a46d6,C2_MEDIUM,token_spike,critical,csv_import,1,,,,2.0,1.0,0.2,Imported anomaly flag from CSV (2 flagged calls on 2025-06-13),,False,,2025-06-13 23:59:59+00:00,*,*
342bca99-81c7-477e-91fb-830bf5a350b4,C3_ENTERPRISE,token_spike,high,csv_import,1,,,,15.0,7.5,1.5,Imported anomaly flag from CSV (15 flagged calls on 2025-06-13),,False,,2025-06-13 23:59:59+00:00,*,*
ae9f1555-91ec-4d7d-a507-63339a88f9e7,C1_SMALL,token_spike,critical,csv_import,1,,,,1.0,0.5,0.1,Imported anomaly flag from CSV (1 flagged calls on 2025-06-12),,False,,2025-06-12 23:59:59+00:00,*,*
2bf5c6de-117b-4502-8529-a9c173282cea,C2_MEDIUM,token_spike,critical,csv_import,1,,,,4.0,2.0,0.4,Imported anomaly flag from CSV (4 flagged calls on 2025-06-12),,False,,2025-06-12 23:59:59+00:00,*,*
1137b237-79ca-4d2a-9a2f-8ae1d14dd9af,C3_ENTERPRISE,token_spike,high,csv_import,1,,,,11.0,5.5,1.1,Imported anomaly flag from CSV (11 flagged calls on 2025-06-12),,False,,2025-06-12 23:59:59+00:00,*,*
69410cc8-c458-442d-9e79-64bbbdf0ac23,C1_SMALL,token_spike,high,csv_import,1,,,,4.0,2.0,0.4,Imported anomaly flag from CSV (4 flagged calls on 2025-06-11),,False,,2025-06-11 23:59:59+00:00,*,*
baa7fb2e-3987-4120-9b19-2184151e7c8c,C2_MEDIUM,token_spike,warning,csv_import,1,,,,4.0,2.0,0.4,Imported anomaly flag from CSV (4 flagged calls on 2025-06-11),,False,,2025-06-11 23:59:59+00:00,*,*
1363fb03-c75b-4d03-ae7f-b10bfec97c23,C3_ENTERPRISE,token_spike,critical,csv_import,1,,,,20.0,10.0,2.0,Imported anomaly flag from CSV (20 flagged calls on 2025-06-11),,False,,2025-06-11 23:59:59+00:00,*,*
a9778fea-fe04-4ce0-b730-8327c2c02d56,C1_SMALL,token_spike,high,csv_import,1,,,,2.0,1.0,0.2,Imported anomaly flag from CSV (2 flagged calls on 2025-06-10),,False,,2025-06-10 23:59:59+00:00,*,*
95627522-47d0-428d-ba9c-178a33e325e4,C2_MEDIUM,token_spike,high,csv_import,1,,,,4.0,2.0,0.4,Imported anomaly flag from CSV (4 flagged calls on 2025-06-10),,False,,2025-06-10 23:59:59+00:00,*,*
f6f0beb9-4e2d-4ebb-9b7a-9863860313e2,C3_ENTERPRISE,token_spike,warning,csv_import,1,,,,15.0,7.5,1.5,Imported anomaly flag from CSV (15 flagged calls on 2025-06-10),,False,,2025-06-10 23:59:59+00:00,*,*
6752005e-acde-41dd-9bfe-d0e4f3877e05,C2_MEDIUM,token_spike,critical,csv_import,1,,,,4.0,2.0,0.4,Imported anomaly flag from CSV (4 flagged calls on 2025-06-09),,False,,2025-06-09 23:59:59+00:00,*,*
c9af9d64-22f0-4e1f-8535-293c3295acbc,C3_ENTERPRISE,token_spike,critical,csv_import,1,,,,12.0,6.0,1.2000000000000002,Imported anomaly flag from CSV (12 flagged calls on 2025-06-09),,False,,2025-06-09 23:59:59+00:00,*,*
3f407930-3880-426c-9cc9-cc7ae04ee40c,C1_SMALL,token_spike,high,csv_import,1,,,,1.0,0.5,0.1,Imported anomaly flag from CSV (1 flagged calls on 2025-06-08),,False,,2025-06-08 23:59:59+00:00,*,*
c81ea59a-3c53-4bc1-8c5f-b3413ffd6e66,C2_MEDIUM,token_spike,high,csv_import,1,,,,6.0,3.0,0.6000000000000001,Imported anomaly flag from CSV (6 flagged calls on 2025-06-08),,False,,2025-06-08 23:59:59+00:00,*,*
8aba1353-2127-42ef-a6cc-85613047e019,C3_ENTERPRISE,token_spike,critical,csv_import,1,,,,10.0,5.0,1.0,Imported anomaly flag from CSV (10 flagged calls on 2025-06-08),,False,,2025-06-08 23:59:59+00:00,*,*
1eb72d6c-9205-4206-86f2-e8650d645dc1,C3_ENTERPRISE,token_spike,high,csv_import,1,,,,10.0,5.0,1.0,Imported anomaly flag from CSV (10 flagged calls on 2025-06-07),,False,,2025-06-07 23:59:59+00:00,*,*
8e5f22ba-356e-41e1-8476-61d1b82b35c2,C1_SMALL,token_spike,high,csv_import,1,,,,1.0,0.5,0.1,Imported anomaly flag from CSV (1 flagged calls on 2025-06-06),,False,,2025-06-06 23:59:59+00:00,*,*
bddca9e4-cd46-446b-89ef-570cfb1471e7,C3_ENTERPRISE,token_spike,critical,csv_import,1,,,,8.0,4.0,0.8,Imported anomaly flag from CSV (8 flagged calls on 2025-06-06),,False,,2025-06-06 23:59:59+00:00,*,*
e763dfda-88ef-4317-896d-837d69f619ff,C1_SMALL,token_spike,warning,csv_import,1,,,,1.0,0.5,0.1,Imported anomaly flag from CSV (1 flagged calls on 2025-06-05),,False,,2025-06-05 23:59:59+00:00,*,*
1f01cf7a-d75f-42b4-a8bb-7cd6ca29d26e,C2_MEDIUM,token_spike,high,csv_import,1,,,,2.0,1.0,0.2,Imported anomaly flag from CSV (2 flagged calls on 2025-06-05),,False,,2025-06-05 23:59:59+00:00,*,*
34a90506-c8fe-4f24-889a-afe105a5d3fc,C3_ENTERPRISE,token_spike,warning,csv_import,1,,,,17.0,8.5,1.7000000000000002,Imported anomaly flag from CSV (17 flagged calls on 2025-06-05),,False,,2025-06-05 23:59:59+00:00,*,*
4b50b4ab-81bc-4f7e-a45a-87a9422da888,C1_SMALL,token_spike,warning,csv_import,1,,,,1.0,0.5,0.1,Imported anomaly flag from CSV (1 flagged calls on 2025-06-04),,False,,2025-06-04 23:59:59+00:00,*,*
f41ca5c3-71c2-4bdf-9102-cec87e70fd9e,C3_ENTERPRISE,token_spike,high,csv_import,1,,,,16.0,8.0,1.6,Imported anomaly flag from CSV (16 flagged calls on 2025-06-04),,False,,2025-06-04 23:59:59+00:00,*,*
c118c9e3-990c-4cb2-8a57-2ef41f752048,C1_SMALL,token_spike,high,csv_import,1,,,,1.0,0.5,0.1,Imported anomaly flag from CSV (1 flagged calls on 2025-06-03),,False,,2025-06-03 23:59:59+00:00,*,*
8e0b93aa-0cf5-457a-a4c3-3df13ef3aa6a,C2_MEDIUM,token_spike,warning,csv_import,1,,,,4.0,2.0,0.4,Imported anomaly flag from CSV (4 flagged calls on 2025-06-03),,False,,2025-06-03 23:59:59+00:00,*,*
020f6a71-b349-4e9d-8f75-8f8a64a18f0e,C3_ENTERPRISE,token_spike,critical,csv_import,1,,,,14.0,7.0,1.4000000000000001,Imported anomaly flag from CSV (14 flagged calls on 2025-06-03),,False,,2025-06-03 23:59:59+00:00,*,*
dbae2e53-be37-4869-9b2c-4a40c0db2672,C1_SMALL,token_spike,warning,csv_import,1,,,,2.0,1.0,0.2,Imported anomaly flag from CSV (2 flagged calls on 2025-06-02),,False,,2025-06-02 23:59:59+00:00,*,*
a813b86e-09da-48a4-b2b0-c618372017fa,C2_MEDIUM,token_spike,critical,csv_import,1,,,,4.0,2.0,0.4,Imported anomaly flag from CSV (4 flagged calls on 2025-06-02),,False,,2025-06-02 23:59:59+00:00,*,*
e405d389-f251-468e-9aed-8a2013ee2ee8,C3_ENTERPRISE,token_spike,high,csv_import,1,,,,15.0,7.5,1.5,Imported anomaly flag from CSV (15 flagged calls on 2025-06-02),,False,,2025-06-02 23:59:59+00:00,*,*
09fdce74-fc6f-4d30-94b4-3eaf9c76bb33,C1_SMALL,token_spike,high,csv_import,1,,,,1.0,0.5,0.1,Imported anomaly flag from CSV (1 flagged calls on 2025-06-01),,False,,2025-06-01 23:59:59+00:00,*,*
5933aa32-1c97-42a5-8160-5ad8955d90e2,C3_ENTERPRISE,token_spike,high,csv_import,1,,,,12.0,6.0,1.2000000000000002,Imported anomaly flag from CSV (12 flagged calls on 2025-06-01),,False,,2025-06-01 23:59:59+00:00,*,*
e6ff6606-430d-4783-8cce-7e14653ae3f0,C2_MEDIUM,token_spike,warning,csv_import,1,,,,2.0,1.0,0.2,Imported anomaly flag from CSV (2 flagged calls on 2025-05-31),,False,,2025-05-31 23:59:59+00:00,*,*
0878f5c4-3f6a-427d-8094-2e0e35fa0b0d,C3_ENTERPRISE,token_spike,warning,csv_import,1,,,,1.0,0.5,0.1,Imported anomaly flag from CSV (1 flagged calls on 2025-05-31),,False,,2025-05-31 23:59:59+00:00,*,*
3ef65638-e012-4dc4-8773-af8a00928725,C2_MEDIUM,token_spike,warning,csv_import,1,,,,3.0,1.5,0.30000000000000004,Imported anomaly flag from CSV (3 flagged calls on 2025-05-30),,False,,2025-05-30 23:59:59+00:00,*,*
eee0a9db-f84a-496b-879d-445b93f63c1e,C3_ENTERPRISE,token_spike,critical,csv_import,1,,,,13.0,6.5,1.3,Imported anomaly flag from CSV (13 flagged calls on 2025-05-30),,False,,2025-05-30 23:59:59+00:00,*,*
fba9ca44-0075-46e6-9a1e-d500bcc28599,C1_SMALL,token_spike,critical,csv_import,1,,,,2.0,1.0,0.2,Imported anomaly flag from CSV (2 flagged calls on 2025-05-29),,False,,2025-05-29 23:59:59+00:00,*,*
64b1a170-675a-403f-badc-c21bc99162b8,C2_MEDIUM,token_spike,warning,csv_import,1,,,,3.0,1.5,0.30000000000000004,Imported anomaly flag from CSV (3 flagged calls on 2025-05-29),,False,,2025-05-29 23:59:59+00:00,*,*
2d5c2a0c-e1c0-4171-bb78-9ee28c4b6f92,C3_ENTERPRISE,token_spike,critical,csv_import,1,,,,18.0,9.0,1.8,Imported anomaly flag from CSV (18 flagged calls on 2025-05-29),,False,,2025-05-29 23:59:59+00:00,*,*
3c3223cb-bf39-49b9-9510-b4f1002045dd,C1_SMALL,token_spike,warning,csv_import,1,,,,1.0,0.5,0.1,Imported anomaly flag from CSV (1 flagged calls on 2025-05-28),,False,,2025-05-28 23:59:59+00:00,*,*
63245d08-f351-41db-97a1-e085f3650782,C2_MEDIUM,token_spike,warning,csv_import,1,,,,2.0,1.0,0.2,Imported anomaly flag from CSV (2 flagged calls on 2025-05-28),,False,,2025-05-28 23:59:59+00:00,*,*
2cf100bf-55bd-440f-bd6e-65671b9ce9d4,C3_ENTERPRISE,token_spike,critical,csv_import,1,,,,14.0,7.0,1.4000000000000001,Imported anomaly flag from CSV (14 flagged calls on 2025-05-28),,False,,2025-05-28 23:59:59+00:00,*,*
adf07af2-c003-4e78-bff4-f43190c45e1d,C2_MEDIUM,token_spike,high,csv_import,1,,,,1.0,0.5,0.1,Imported anomaly flag from CSV (1 flagged calls on 2025-05-27),,False,,2025-05-27 23:59:59+00:00,*,*
afa83eeb-207a-4638-9910-cd404d583bd7,C3_ENTERPRISE,token_spike,critical,csv_import,1,,,,12.0,6.0,1.2000000000000002,Imported anomaly flag from CSV (12 flagged calls on 2025-05-27),,False,,2025-05-27 23:59:59+00:00,*,*
52f6f747-95b0-41ba-80e7-172acff1a7e0,C1_SMALL,token_spike,warning,csv_import,1,,,,1.0,0.5,0.1,Imported anomaly flag from CSV (1 flagged calls on 2025-05-26),,False,,2025-05-26 23:59:59+00:00,*,*
be64fe90-be6b-42bb-9f88-da7047e41bfe,C2_MEDIUM,token_spike,warning,csv_import,1,,,,4.0,2.0,0.4,Imported anomaly flag from CSV (4 flagged calls on 2025-05-26),,False,,2025-05-26 23:59:59+00:00,*,*
274deb29-800a-4a89-b19b-5f1bae7a782e,C3_ENTERPRISE,token_spike,critical,csv_import,1,,,,16.0,8.0,1.6,Imported anomaly flag from CSV (16 flagged calls on 2025-05-26),,False,,2025-05-26 23:59:59+00:00,*,*
947deb99-5356-4f92-aee5-48e7c0f21517,C1_SMALL,token_spike,warning,csv_import,1,,,,1.0,0.5,0.1,Imported anomaly flag from CSV (1 flagged calls on 2025-05-25),,False,,2025-05-25 23:59:59+00:00,*,*
63a2c97d-4ae1-475f-8c8c-c65d97873ef3,C2_MEDIUM,token_spike,high,csv_import,1,,,,3.0,1.5,0.30000000000000004,Imported anomaly flag from CSV (3 flagged calls on 2025-05-25),,False,,2025-05-25 23:59:59+00:00,*,*
7bf14dbf-1662-4ae3-b38b-d6221caa6b21,C3_ENTERPRISE,token_spike,warning,csv_import,1,,,,6.0,3.0,0.6000000000000001,Imported anomaly flag from CSV (6 flagged calls on 2025-05-25),,False,,2025-05-25 23:59:59+00:00,*,*
eb562528-88ab-4e81-8e99-65e5af6690cb,C1_SMALL,token_spike,critical,csv_import,1,,,,1.0,0.5,0.1,Imported anomaly flag from CSV (1 flagged calls on 2025-05-24),,False,,2025-05-24 23:59:59+00:00,*,*
ccc77d4e-b5c9-4703-aa96-b6fb929fdb59,C2_MEDIUM,token_spike,warning,csv_import,1,,,,4.0,2.0,0.4,Imported anomaly flag from CSV (4 flagged calls on 2025-05-24),,False,,2025-05-24 23:59:59+00:00,*,*
2cd63dfa-42f4-44ab-8872-fb4d9ca4bcad,C3_ENTERPRISE,token_spike,critical,csv_import,1,,,,8.0,4.0,0.8,Imported anomaly flag from CSV (8 flagged calls on 2025-05-24),,False,,2025-05-24 23:59:59+00:00,*,*
e253d352-5759-4de8-a0c7-4974a27d29e6,C2_MEDIUM,token_spike,warning,csv_import,1,,,,3.0,1.5,0.30000000000000004,Imported anomaly flag from CSV (3 flagged calls on 2025-05-23),,False,,2025-05-23 23:59:59+00:00,*,*
1efe58d4-832c-4c67-a1ce-f3eec9dec6dc,C3_ENTERPRISE,token_spike,warning,csv_import,1,,,,17.0,8.5,1.7000000000000002,Imported anomaly flag from CSV (17 flagged calls on 2025-05-23),,False,,2025-05-23 23:59:59+00:00,*,*
02bbb761-1584-479f-b8bc-2a00f9737ab6,C1_SMALL,token_spike,critical,csv_import,1,,,,1.0,0.5,0.1,Imported anomaly flag from CSV (1 flagged calls on 2025-05-22),,False,,2025-05-22 23:59:59+00:00,*,*
20469bc8-2c54-4ba8-9b5d-2be9133e025a,C3_ENTERPRISE,token_spike,high,csv_import,1,,,,12.0,6.0,1.2000000000000002,Imported anomaly flag from CSV (12 flagged calls on 2025-05-22),,False,,2025-05-22 23:59:59+00:00,*,*
2cf7723f-2d0b-4d84-a250-1f09e0aa0616,C1_SMALL,token_spike,warning,csv_import,1,,,,1.0,0.5,0.1,Imported anomaly flag from CSV (1 flagged calls on 2025-05-21),,False,,2025-05-21 23:59:59+00:00,*,*
561aa39f-8568-4f70-8545-b43f0727fbe8,C2_MEDIUM,token_spike,high,csv_import,1,,,,3.0,1.5,0.30000000000000004,Imported anomaly flag from CSV (3 flagged calls on 2025-05-21),,False,,2025-05-21 23:59:59+00:00,*,*
49d4df3e-3e71-4c36-936e-5dfc481a00b8,C3_ENTERPRISE,token_spike,warning,csv_import,1,,,,15.0,7.5,1.5,Imported anomaly flag from CSV (15 flagged calls on 2025-05-21),,False,,2025-05-21 23:59:59+00:00,*,*
a7ac4475-2e58-4bb6-a0a6-8a346c977373,C1_SMALL,token_spike,critical,csv_import,1,,,,2.0,1.0,0.2,Imported anomaly flag from CSV (2 flagged calls on 2025-05-20),,False,,2025-05-20 23:59:59+00:00,*,*
1db1e5c3-73a5-4ae7-9c58-04ef122eedcd,C2_MEDIUM,token_spike,warning,csv_import,1,,,,3.0,1.5,0.30000000000000004,Imported anomaly flag from CSV (3 flagged calls on 2025-05-20),,False,,2025-05-20 23:59:59+00:00,*,*
3f434659-afa7-4f27-ae98-c70606e08355,C3_ENTERPRISE,token_spike,warning,csv_import,1,,,,9.0,4.5,0.9,Imported anomaly flag from CSV (9 flagged calls on 2025-05-20),,False,,2025-05-20 23:59:59+00:00,*,*
068de3a7-ce07-40b3-b04f-ff9d2bd840bc,C1_SMALL,token_spike,high,csv_import,1,,,,1.0,0.5,0.1,Imported anomaly flag from CSV (1 flagged calls on 2025-05-19),,False,,2025-05-19 23:59:59+00:00,*,*
f494d7e7-2492-4026-8e88-459451fd9c77,C2_MEDIUM,token_spike,high,csv_import,1,,,,1.0,0.5,0.1,Imported anomaly flag from CSV (1 flagged calls on 2025-05-19),,False,,2025-05-19 23:59:59+00:00,*,*
f813ee5f-6403-4ba9-a552-0b7237b55e52,C3_ENTERPRISE,token_spike,warning,csv_import,1,,,,11.0,5.5,1.1,Imported anomaly flag from CSV (11 flagged calls on 2025-05-19),,False,,2025-05-19 23:59:59+00:00,*,*
160c90a8-5ae8-411c-89ca-eac17ad6608d,C2_MEDIUM,token_spike,high,csv_import,1,,,,2.0,1.0,0.2,Imported anomaly flag from CSV (2 flagged calls on 2025-05-18),,False,,2025-05-18 23:59:59+00:00,*,*
c2cdb128-2e9c-496f-8d3d-a2cba6e2d3ed,C3_ENTERPRISE,token_spike,high,csv_import,1,,,,8.0,4.0,0.8,Imported anomaly flag from CSV (8 flagged calls on 2025-05-18),,False,,2025-05-18 23:59:59+00:00,*,*
903575be-7598-49d7-9e27-1ebdfe732f45,C2_MEDIUM,token_spike,warning,csv_import,1,,,,4.0,2.0,0.4,Imported anomaly flag from CSV (4 flagged calls on 2025-05-17),,False,,2025-05-17 23:59:59+00:00,*,*
dcc5a0d6-6b84-4307-b361-b15b8277410c,C3_ENTERPRISE,token_spike,high,csv_import,1,,,,5.0,2.5,0.5,Imported anomaly flag from CSV (5 flagged calls on 2025-05-17),,False,,2025-05-17 23:59:59+00:00,*,*
d2534daa-f74b-4008-b805-a806c77602fd,C1_SMALL,token_spike,high,csv_import,1,,,,1.0,0.5,0.1,Imported anomaly flag from CSV (1 flagged calls on 2025-05-16),,False,,2025-05-16 23:59:59+00:00,*,*
f071a587-c58b-4357-90b5-1a3a0755af06,C2_MEDIUM,token_spike,warning,csv_import,1,,,,1.0,0.5,0.1,Imported anomaly flag from CSV (1 flagged calls on 2025-05-16),,False,,2025-05-16 23:59:59+00:00,*,*
284a6151-8dc6-4668-ada5-0d74e4b2ec37,C3_ENTERPRISE,token_spike,warning,csv_import,1,,,,17.0,8.5,1.7000000000000002,Imported anomaly flag from CSV (17 flagged calls on 2025-05-16),,False,,2025-05-16 23:59:59+00:00,*,*
c05e9e15-35c8-4bfb-b8a2-af9ec544b8d8,C1_SMALL,token_spike,critical,csv_import,1,,,,1.0,0.5,0.1,Imported anomaly flag from CSV (1 flagged calls on 2025-05-15),,False,,2025-05-15 23:59:59+00:00,*,*
493025f0-0749-49ea-afd5-ed4b96193d31,C2_MEDIUM,token_spike,critical,csv_import,1,,,,6.0,3.0,0.6000000000000001,Imported anomaly flag from CSV (6 flagged calls on 2025-05-15),,False,,2025-05-15 23:59:59+00:00,*,*
74709f4e-44a5-4a25-abc0-140cc92e4390,C3_ENTERPRISE,token_spike,high,csv_import,1,,,,12.0,6.0,1.2000000000000002,Imported anomaly flag from CSV (12 flagged calls on 2025-05-15),,False,,2025-05-15 23:59:59+00:00,*,*
ba985323-642a-40aa-8285-e879625ec971,C2_MEDIUM,token_spike,warning,csv_import,1,,,,5.0,2.5,0.5,Imported anomaly flag from CSV (5 flagged calls on 2025-05-14),,False,,2025-05-14 23:59:59+00:00,*,*
97e8ef3a-4b75-4e31-9c68-156720e97585,C3_ENTERPRISE,token_spike,critical,csv_import,1,,,,11.0,5.5,1.1,Imported anomaly flag from CSV (11 flagged calls on 2025-05-14),,False,,2025-05-14 23:59:59+00:00,*,*
8681cdf7-3d24-418a-8e16-c7b58727cadb,C2_MEDIUM,token_spike,warning,csv_import,1,,,,1.0,0.5,0.1,Imported anomaly flag from CSV (1 flagged calls on 2025-05-13),,False,,2025-05-13 23:59:59+00:00,*,*
e6612250-c161-47a9-8675-491f15503271,C3_ENTERPRISE,token_spike,warning,csv_import,1,,,,12.0,6.0,1.2000000000000002,Imported anomaly flag from CSV (12 flagged calls on 2025-05-13),,False,,2025-05-13 23:59:59+00:00,*,*
71775159-f0de-4faf-9aca-6c82f86b9295,C1_SMALL,token_spike,critical,csv_import,1,,,,1.0,0.5,0.1,Imported anomaly flag from CSV (1 flagged calls on 2025-05-12),,False,,2025-05-12 23:59:59+00:00,*,*
ce333177-f7ed-49d9-ad22-b327b11db2f2,C2_MEDIUM,token_spike,warning,csv_import,1,,,,3.0,1.5,0.30000000000000004,Imported anomaly flag from CSV (3 flagged calls on 2025-05-12),,False,,2025-05-12 23:59:59+00:00,*,*
3b56aeeb-2841-4a4c-acbc-e2f5d4524418,C3_ENTERPRISE,token_spike,critical,csv_import,1,,,,18.0,9.0,1.8,Imported anomaly flag from CSV (18 flagged calls on 2025-05-12),,False,,2025-05-12 23:59:59+00:00,*,*
ea0914e2-75d8-4756-a293-c236f8469f6b,C2_MEDIUM,token_spike,high,csv_import,1,,,,1.0,0.5,0.1,Imported anomaly flag from CSV (1 flagged calls on 2025-05-11),,False,,2025-05-11 23:59:59+00:00,*,*
c741eaa0-4b6f-45e7-b072-b59c5ca56da4,C3_ENTERPRISE,token_spike,high,csv_import,1,,,,7.0,3.5,0.7000000000000001,Imported anomaly flag from CSV (7 flagged calls on 2025-05-11),,False,,2025-05-11 23:59:59+00:00,*,*
b65712fe-8d80-4dfa-8a35-5e3b009e70a6,C2_MEDIUM,token_spike,high,csv_import,1,,,,2.0,1.0,0.2,Imported anomaly flag from CSV (2 flagged calls on 2025-05-10),,False,,2025-05-10 23:59:59+00:00,*,*
d2068ed7-76ba-4b46-8403-feef47689800,C3_ENTERPRISE,token_spike,warning,csv_import,1,,,,8.0,4.0,0.8,Imported anomaly flag from CSV (8 flagged calls on 2025-05-10),,False,,2025-05-10 23:59:59+00:00,*,*
0238dafc-423f-49e2-b552-99389ffe5104,C2_MEDIUM,token_spike,critical,csv_import,1,,,,3.0,1.5,0.30000000000000004,Imported anomaly flag from CSV (3 flagged calls on 2025-05-09),,False,,2025-05-09 23:59:59+00:00,*,*
4ebca46d-84cb-4394-bb04-493152900e13,C3_ENTERPRISE,token_spike,high,csv_import,1,,,,16.0,8.0,1.6,Imported anomaly flag from CSV (16 flagged calls on 2025-05-09),,False,,2025-05-09 23:59:59+00:00,*,*
078a5983-804f-4d51-93f5-66af35c0d755,C1_SMALL,token_spike,critical,csv_import,1,,,,3.0,1.5,0.30000000000000004,Imported anomaly flag from CSV (3 flagged calls on 2025-05-08),,False,,2025-05-08 23:59:59+00:00,*,*
51d4783b-825a-47fa-bbe6-0a21652bc590,C2_MEDIUM,token_spike,critical,csv_import,1,,,,4.0,2.0,0.4,Imported anomaly flag from CSV (4 flagged calls on 2025-05-08),,False,,2025-05-08 23:59:59+00:00,*,*
5ffc42bd-9e3d-439e-ade9-2b306f119122,C3_ENTERPRISE,token_spike,warning,csv_import,1,,,,18.0,9.0,1.8,Imported anomaly flag from CSV (18 flagged calls on 2025-05-08),,False,,2025-05-08 23:59:59+00:00,*,*
4ab97c56-0ff4-46e5-be3f-ee56e2991dc9,C1_SMALL,token_spike,high,csv_import,1,,,,1.0,0.5,0.1,Imported anomaly flag from CSV (1 flagged calls on 2025-05-07),,False,,2025-05-07 23:59:59+00:00,*,*
999488c2-6fef-47be-b828-e802d5a1a6ba,C2_MEDIUM,token_spike,warning,csv_import,1,,,,4.0,2.0,0.4,Imported anomaly flag from CSV (4 flagged calls on 2025-05-07),,False,,2025-05-07 23:59:59+00:00,*,*
1a7b2872-0507-439a-9817-ee719094beac,C3_ENTERPRISE,token_spike,critical,csv_import,1,,,,12.0,6.0,1.2000000000000002,Imported anomaly flag from CSV (12 flagged calls on 2025-05-07),,False,,2025-05-07 23:59:59+00:00,*,*
14500282-c2bd-4da9-95c6-8a76a6847579,C2_MEDIUM,token_spike,warning,csv_import,1,,,,4.0,2.0,0.4,Imported anomaly flag from CSV (4 flagged calls on 2025-05-06),,False,,2025-05-06 23:59:59+00:00,*,*
053b8ea1-4356-4366-a544-90451ef73a65,C3_ENTERPRISE,token_spike,high,csv_import,1,,,,15.0,7.5,1.5,Imported anomaly flag from CSV (15 flagged calls on 2025-05-06),,False,,2025-05-06 23:59:59+00:00,*,*
180369d6-3794-44aa-89bf-05ddd9edcc39,C1_SMALL,token_spike,warning,csv_import,1,,,,1.0,0.5,0.1,Imported anomaly flag from CSV (1 flagged calls on 2025-05-05),,False,,2025-05-05 23:59:59+00:00,*,*
5c3dc55f-e6b3-47a9-a230-535b57832ccb,C2_MEDIUM,token_spike,critical,csv_import,1,,,,5.0,2.5,0.5,Imported anomaly flag from CSV (5 flagged calls on 2025-05-05),,False,,2025-05-05 23:59:59+00:00,*,*
a29830cb-5d96-4478-9b89-1f5f0e39d349,C3_ENTERPRISE,token_spike,high,csv_import,1,,,,14.0,7.0,1.4000000000000001,Imported anomaly flag from CSV (14 flagged calls on 2025-05-05),,False,,2025-05-05 23:59:59+00:00,*,*
c1184333-20d4-4a01-842f-f1f23a7c25f3,C1_SMALL,token_spike,warning,csv_import,1,,,,1.0,0.5,0.1,Imported anomaly flag from CSV (1 flagged calls on 2025-05-04),,False,,2025-05-04 23:59:59+00:00,*,*
57512d80-9628-4f17-bb48-b33f59b76b7d,C2_MEDIUM,token_spike,critical,csv_import,1,,,,3.0,1.5,0.30000000000000004,Imported anomaly flag from CSV (3 flagged calls on 2025-05-04),,False,,2025-05-04 23:59:59+00:00,*,*
cab9daf6-476f-4bbe-b44d-4242a54b6e7f,C3_ENTERPRISE,token_spike,warning,csv_import,1,,,,8.0,4.0,0.8,Imported anomaly flag from CSV (8 flagged calls on 2025-05-04),,False,,2025-05-04 23:59:59+00:00,*,*
9a643780-0cc1-4887-aab5-ca6ca3abb023,C2_MEDIUM,token_spike,critical,csv_import,1,,,,1.0,0.5,0.1,Imported anomaly flag from CSV (1 flagged calls on 2025-05-03),,False,,2025-05-03 23:59:59+00:00,*,*
b9aa9250-912d-4a3d-95ed-a4d48d6ebc81,C3_ENTERPRISE,token_spike,warning,csv_import,1,,,,10.0,5.0,1.0,Imported anomaly flag from CSV (10 flagged calls on 2025-05-03),,False,,2025-05-03 23:59:59+00:00,*,*
472c03dd-5fa7-471b-a9f4-f1b3bf5e0f60,C1_SMALL,token_spike,warning,csv_import,1,,,,1.0,0.5,0.1,Imported anomaly flag from CSV (1 flagged calls on 2025-05-02),,False,,2025-05-02 23:59:59+00:00,*,*
18095ef1-9064-4ece-a5ab-71be071087bc,C2_MEDIUM,token_spike,high,csv_import,1,,,,5.0,2.5,0.5,Imported anomaly flag from CSV (5 flagged calls on 2025-05-02),,False,,2025-05-02 23:59:59+00:00,*,*
3f9f7e14-9b51-42f6-b3b5-6ce7a7f30a88,C3_ENTERPRISE,token_spike,warning,csv_import,1,,,,13.0,6.5,1.3,Imported anomaly flag from CSV (13 flagged calls on 2025-05-02),,False,,2025-05-02 23:59:59+00:00,*,*
1862fecd-8303-465c-aeea-9624660bde7b,C2_MEDIUM,token_spike,high,csv_import,1,,,,3.0,1.5,0.30000000000000004,Imported anomaly flag from CSV (3 flagged calls on 2025-05-01),,False,,2025-05-01 23:59:59+00:00,*,*
4fef95ed-509b-4756-bd32-c7a763a29fc2,C3_ENTERPRISE,token_spike,critical,csv_import,1,,,,9.0,4.5,0.9,Imported anomaly flag from CSV (9 flagged calls on 2025-05-01),,False,,2025-05-01 23:59:59+00:00,*,*
a76b4447-e735-4f55-bf29-3764315f426c,C1_SMALL,token_spike,warning,csv_import,1,,,,1.0,0.5,0.1,Imported anomaly flag from CSV (1 flagged calls on 2025-04-30),,False,,2025-04-30 23:59:59+00:00,*,*
934fdea9-43e4-45bf-898e-3277e6a69a11,C3_ENTERPRISE,token_spike,critical,csv_import,1,,,,12.0,6.0,1.2000000000000002,Imported anomaly flag from CSV (12 flagged calls on 2025-04-30),,False,,2025-04-30 23:59:59+00:00,*,*
5db3cfeb-990b-40dd-ada4-d138a8763591,C1_SMALL,token_spike,high,csv_import,1,,,,1.0,0.5,0.1,Imported anomaly flag from CSV (1 flagged calls on 2025-04-29),,False,,2025-04-29 23:59:59+00:00,*,*
bb6b41ab-639b-4fac-af68-89254b2367c5,C2_MEDIUM,token_spike,warning,csv_import,1,,,,2.0,1.0,0.2,Imported anomaly flag from CSV (2 flagged calls on 2025-04-29),,False,,2025-04-29 23:59:59+00:00,*,*
0f48efbf-a34c-4709-b08e-19d3bbfec13f,C3_ENTERPRISE,token_spike,high,csv_import,1,,,,14.0,7.0,1.4000000000000001,Imported anomaly flag from CSV (14 flagged calls on 2025-04-29),,False,,2025-04-29 23:59:59+00:00,*,*
ac4d7e6c-97d8-4382-a2de-477de0dbb38c,C1_SMALL,token_spike,critical,csv_import,1,,,,3.0,1.5,0.30000000000000004,Imported anomaly flag from CSV (3 flagged calls on 2025-04-28),,False,,2025-04-28 23:59:59+00:00,*,*
ae3050b1-4904-4564-9d5b-44168f2a0e87,C2_MEDIUM,token_spike,high,csv_import,1,,,,7.0,3.5,0.7000000000000001,Imported anomaly flag from CSV (7 flagged calls on 2025-04-28),,False,,2025-04-28 23:59:59+00:00,*,*
0befdacc-2f89-4225-a9c8-7a2584550c2e,C3_ENTERPRISE,token_spike,warning,csv_import,1,,,,18.0,9.0,1.8,Imported anomaly flag from CSV (18 flagged calls on 2025-04-28),,False,,2025-04-28 23:59:59+00:00,*,*
873db975-8431-447c-8569-685d63759e41,C1_SMALL,token_spike,high,csv_import,1,,,,1.0,0.5,0.1,Imported anomaly flag from CSV (1 flagged calls on 2025-04-27),,False,,2025-04-27 23:59:59+00:00,*,*
5db0b47b-c144-404c-9b26-aa41fdce09c0,C2_MEDIUM,token_spike,high,csv_import,1,,,,1.0,0.5,0.1,Imported anomaly flag from CSV (1 flagged calls on 2025-04-27),,False,,2025-04-27 23:59:59+00:00,*,*
d7083864-b22f-4ed9-aceb-d34872478f36,C3_ENTERPRISE,token_spike,warning,csv_import,1,,,,2.0,1.0,0.2,Imported anomaly flag from CSV (2 flagged calls on 2025-04-27),,False,,2025-04-27 23:59:59+00:00,*,*
51a59e10-fe53-4bff-8360-315230eefaf3,C2_MEDIUM,token_spike,warning,csv_import,1,,,,2.0,1.0,0.2,Imported anomaly flag from CSV (2 flagged calls on 2025-04-26),,False,,2025-04-26 23:59:59+00:00,*,*
83ef0df2-5fbc-4784-beec-9ab9fa20534e,C3_ENTERPRISE,token_spike,warning,csv_import,1,,,,8.0,4.0,0.8,Imported anomaly flag from CSV (8 flagged calls on 2025-04-26),,False,,2025-04-26 23:59:59+00:00,*,*
cbeda0c9-0625-4756-8879-884491dcf336,C2_MEDIUM,token_spike,critical,csv_import,1,,,,3.0,1.5,0.30000000000000004,Imported anomaly flag from CSV (3 flagged calls on 2025-04-25),,False,,2025-04-25 23:59:59+00:00,*,*
9e3924b1-f55a-4cb8-a9bb-9782071d2651,C3_ENTERPRISE,token_spike,high,csv_import,1,,,,16.0,8.0,1.6,Imported anomaly flag from CSV (16 flagged calls on 2025-04-25),,False,,2025-04-25 23:59:59+00:00,*,*
0a4e506a-773d-4074-9c2d-3107d0572d67,C1_SMALL,token_spike,high,csv_import,1,,,,1.0,0.5,0.1,Imported anomaly flag from CSV (1 flagged calls on 2025-04-24),,False,,2025-04-24 23:59:59+00:00,*,*
56f06998-a14e-4d5c-83ff-1306cb714bc1,C2_MEDIUM,token_spike,critical,csv_import,1,,,,1.0,0.5,0.1,Imported anomaly flag from CSV (1 flagged calls on 2025-04-24),,False,,2025-04-24 23:59:59+00:00,*,*
30895790-231a-44bc-bfc8-c113a36c61ea,C3_ENTERPRISE,token_spike,warning,csv_import,1,,,,8.0,4.0,0.8,Imported anomaly flag from CSV (8 flagged calls on 2025-04-24),,False,,2025-04-24 23:59:59+00:00,*,*
d4e1fad9-d235-48cc-86a7-66837b0df275,C2_MEDIUM,token_spike,critical,csv_import,1,,,,2.0,1.0,0.2,Imported anomaly flag from CSV (2 flagged calls on 2025-04-23),,False,,2025-04-23 23:59:59+00:00,*,*
2b49790a-499a-4e75-a103-2a6a3b2006d4,C3_ENTERPRISE,token_spike,critical,csv_import,1,,,,11.0,5.5,1.1,Imported anomaly flag from CSV (11 flagged calls on 2025-04-23),,False,,2025-04-23 23:59:59+00:00,*,*
76ebf053-2166-443f-91dd-6534876cf38e,C2_MEDIUM,token_spike,critical,csv_import,1,,,,3.0,1.5,0.30000000000000004,Imported anomaly flag from CSV (3 flagged calls on 2025-04-22),,False,,2025-04-22 23:59:59+00:00,*,*
faf0e5d7-01b0-436b-bce0-b391c2e64beb,C3_ENTERPRISE,token_spike,warning,csv_import,1,,,,12.0,6.0,1.2000000000000002,Imported anomaly flag from CSV (12 flagged calls on 2025-04-22),,False,,2025-04-22 23:59:59+00:00,*,*
6db9763d-b736-498e-899d-baf832751811,C1_SMALL,token_spike,high,csv_import,1,,,,1.0,0.5,0.1,Imported anomaly flag from CSV (1 flagged calls on 2025-04-21),,False,,2025-04-21 23:59:59+00:00,*,*
eefe1222-7bae-4ec4-b51f-213657a4249f,C2_MEDIUM,token_spike,critical,csv_import,1,,,,5.0,2.5,0.5,Imported anomaly flag from CSV (5 flagged calls on 2025-04-21),,False,,2025-04-21 23:59:59+00:00,*,*
771cb508-589b-4378-8175-42c444c4594d,C3_ENTERPRISE,token_spike,high,csv_import,1,,,,15.0,7.5,1.5,Imported anomaly flag from CSV (15 flagged calls on 2025-04-21),,False,,2025-04-21 23:59:59+00:00,*,*
57704701-4a92-432c-a794-423f98da9d16,C2_MEDIUM,token_spike,high,csv_import,1,,,,1.0,0.5,0.1,Imported anomaly flag from CSV (1 flagged calls on 2025-04-20),,False,,2025-04-20 23:59:59+00:00,*,*
af1261d9-0a54-4859-814c-9686bd1eeaab,C3_ENTERPRISE,token_spike,high,csv_import,1,,,,6.0,3.0,0.6000000000000001,Imported anomaly flag from CSV (6 flagged calls on 2025-04-20),,False,,2025-04-20 23:59:59+00:00,*,*
da25a89f-4d07-40f0-8e36-f12a1a603aa0,C2_MEDIUM,token_spike,warning,csv_import,1,,,,4.0,2.0,0.4,Imported anomaly flag from CSV (4 flagged calls on 2025-04-19),,False,,2025-04-19 23:59:59+00:00,*,*
5fd26849-adfe-4e00-a9d4-cf2f030f90d6,C3_ENTERPRISE,token_spike,critical,csv_import,1,,,,5.0,2.5,0.5,Imported anomaly flag from CSV (5 flagged calls on 2025-04-19),,False,,2025-04-19 23:59:59+00:00,*,*
11195966-ca16-4158-945e-6ffb3ee7728b,C1_SMALL,token_spike,warning,csv_import,1,,,,1.0,0.5,0.1,Imported anomaly flag from CSV (1 flagged calls on 2025-04-18),,False,,2025-04-18 23:59:59+00:00,*,*
0e2fcf7e-b95d-4268-bc97-7dbc87c7be2d,C2_MEDIUM,token_spike,warning,csv_import,1,,,,4.0,2.0,0.4,Imported anomaly flag from CSV (4 flagged calls on 2025-04-18),,False,,2025-04-18 23:59:59+00:00,*,*
b58d0038-d7b4-446e-a5a4-cdf6e193e713,C3_ENTERPRISE,token_spike,critical,csv_import,1,,,,10.0,5.0,1.0,Imported anomaly flag from CSV (10 flagged calls on 2025-04-18),,False,,2025-04-18 23:59:59+00:00,*,*
1c1fbcc7-f5fb-48a4-a411-17aa8cd247d9,C2_MEDIUM,token_spike,critical,csv_import,1,,,,4.0,2.0,0.4,Imported anomaly flag from CSV (4 flagged calls on 2025-04-17),,False,,2025-04-17 23:59:59+00:00,*,*
46537d4e-ba3a-4862-9095-0afa94094441,C3_ENTERPRISE,token_spike,warning,csv_import,1,,,,13.0,6.5,1.3,Imported anomaly flag from CSV (13 flagged calls on 2025-04-17),,False,,2025-04-17 23:59:59+00:00,*,*
cfa87176-29fc-474a-8a1e-bce2ab6831cd,C1_SMALL,token_spike,high,csv_import,1,,,,2.0,1.0,0.2,Imported anomaly flag from CSV (2 flagged calls on 2025-04-16),,False,,2025-04-16 23:59:59+00:00,*,*
f495eb65-81a1-4d12-a131-2f546515817b,C2_MEDIUM,token_spike,warning,csv_import,1,,,,5.0,2.5,0.5,Imported anomaly flag from CSV (5 flagged calls on 2025-04-16),,False,,2025-04-16 23:59:59+00:00,*,*
72266f4f-7a1e-46bb-8e6d-e8e96643f127,C3_ENTERPRISE,token_spike,critical,csv_import,1,,,,11.0,5.5,1.1,Imported anomaly flag from CSV (11 flagged calls on 2025-04-16),,False,,2025-04-16 23:59:59+00:00,*,*
07fac35b-0aa1-419d-abae-538752779d0d,C1_SMALL,token_spike,warning,csv_import,1,,,,1.0,0.5,0.1,Imported anomaly flag from CSV (1 flagged calls on 2025-04-15),,False,,2025-04-15 23:59:59+00:00,*,*
6bbcad68-e2e4-42c0-988a-7a5e254ad874,C2_MEDIUM,token_spike,critical,csv_import,1,,,,5.0,2.5,0.5,Imported anomaly flag from CSV (5 flagged calls on 2025-04-15),,False,,2025-04-15 23:59:59+00:00,*,*
e84dd547-d46e-424a-a1ce-fd33e6fa9419,C3_ENTERPRISE,token_spike,warning,csv_import,1,,,,13.0,6.5,1.3,Imported anomaly flag from CSV (13 flagged calls on 2025-04-15),,False,,2025-04-15 23:59:59+00:00,*,*
c38f4acb-ca7b-4b66-8ca3-4dd57178073e,C2_MEDIUM,token_spike,warning,csv_import,1,,,,3.0,1.5,0.30000000000000004,Imported anomaly flag from CSV (3 flagged calls on 2025-04-14),,False,,2025-04-14 23:59:59+00:00,*,*
d42560b6-dd19-4505-ae34-cf9311e90281,C3_ENTERPRISE,token_spike,high,csv_import,1,,,,17.0,8.5,1.7000000000000002,Imported anomaly flag from CSV (17 flagged calls on 2025-04-14),,False,,2025-04-14 23:59:59+00:00,*,*
a099afb2-e469-42a6-b236-1d5c99102169,C1_SMALL,token_spike,warning,csv_import,1,,,,1.0,0.5,0.1,Imported anomaly flag from CSV (1 flagged calls on 2025-04-13),,False,,2025-04-13 23:59:59+00:00,*,*
647bad83-b31d-4885-8f10-a68f85c90d6c,C2_MEDIUM,token_spike,critical,csv_import,1,,,,1.0,0.5,0.1,Imported anomaly flag from CSV (1 flagged calls on 2025-04-13),,False,,2025-04-13 23:59:59+00:00,*,*
32bf8ac6-8787-46e3-804c-8077e0eb581e,C3_ENTERPRISE,token_spike,critical,csv_import,1,,,,7.0,3.5,0.7000000000000001,Imported anomaly flag from CSV (7 flagged calls on 2025-04-13),,False,,2025-04-13 23:59:59+00:00,*,*
5a8a3b2a-7708-4206-9296-fe7aa643e75f,C1_SMALL,token_spike,critical,csv_import,1,,,,1.0,0.5,0.1,Imported anomaly flag from CSV (1 flagged calls on 2025-04-12),,False,,2025-04-12 23:59:59+00:00,*,*
e26f70aa-bad4-407b-bbec-d7eb3e5414c1,C2_MEDIUM,token_spike,critical,csv_import,1,,,,2.0,1.0,0.2,Imported anomaly flag from CSV (2 flagged calls on 2025-04-12),,False,,2025-04-12 23:59:59+00:00,*,*
e972c3dd-34f2-4515-b71b-5bbb224408fb,C3_ENTERPRISE,token_spike,warning,csv_import,1,,,,8.0,4.0,0.8,Imported anomaly flag from CSV (8 flagged calls on 2025-04-12),,False,,2025-04-12 23:59:59+00:00,*,*
4e25c944-4299-4169-8cc3-1b34c3c1550f,C1_SMALL,token_spike,critical,csv_import,1,,,,1.0,0.5,0.1,Imported anomaly flag from CSV (1 flagged calls on 2025-04-11),,False,,2025-04-11 23:59:59+00:00,*,*
9a4d0755-4a88-44ce-99c6-3b2a6743fc11,C2_MEDIUM,token_spike,warning,csv_import,1,,,,3.0,1.5,0.30000000000000004,Imported anomaly flag from CSV (3 flagged calls on 2025-04-11),,False,,2025-04-11 23:59:59+00:00,*,*
4d601a5c-65bf-4797-8479-2b96a524e53e,C3_ENTERPRISE,token_spike,warning,csv_import,1,,,,11.0,5.5,1.1,Imported anomaly flag from CSV (11 flagged calls on 2025-04-11),,False,,2025-04-11 23:59:59+00:00,*,*
3033bb05-e8af-4770-9b5f-66ee1e8ce991,C2_MEDIUM,token_spike,warning,csv_import,1,,,,2.0,1.0,0.2,Imported anomaly flag from CSV (2 flagged calls on 2025-04-10),,False,,2025-04-10 23:59:59+00:00,*,*
e711c9cd-4b08-4066-b3ba-d0fa65e57b67,C3_ENTERPRISE,token_spike,warning,csv_import,1,,,,10.0,5.0,1.0,Imported anomaly flag from CSV (10 flagged calls on 2025-04-10),,False,,2025-04-10 23:59:59+00:00,*,*
35faacb9-1bbb-405b-8216-5efeb9b13433,C1_SMALL,token_spike,critical,csv_import,1,,,,1.0,0.5,0.1,Imported anomaly flag from CSV (1 flagged calls on 2025-04-09),,False,,2025-04-09 23:59:59+00:00,*,*
dcb985da-ced6-4719-8b0f-4958c3a3cf1c,C2_MEDIUM,token_spike,critical,csv_import,1,,,,3.0,1.5,0.30000000000000004,Imported anomaly flag from CSV (3 flagged calls on 2025-04-09),,False,,2025-04-09 23:59:59+00:00,*,*
b7dcf91c-b0a8-41d6-8fb9-413bbaf6bd49,C3_ENTERPRISE,token_spike,high,csv_import,1,,,,13.0,6.5,1.3,Imported anomaly flag from CSV (13 flagged calls on 2025-04-09),,False,,2025-04-09 23:59:59+00:00,*,*
e0b5d251-b9b4-4065-a2ff-2928529f0a37,C1_SMALL,token_spike,warning,csv_import,1,,,,2.0,1.0,0.2,Imported anomaly flag from CSV (2 flagged calls on 2025-04-08),,False,,2025-04-08 23:59:59+00:00,*,*
57013b98-b8e2-41ae-9d78-cded30e0a0fe,C2_MEDIUM,token_spike,high,csv_import,1,,,,5.0,2.5,0.5,Imported anomaly flag from CSV (5 flagged calls on 2025-04-08),,False,,2025-04-08 23:59:59+00:00,*,*
9d8e8d0e-8158-4ae2-acf8-656d263113e9,C3_ENTERPRISE,token_spike,critical,csv_import,1,,,,17.0,8.5,1.7000000000000002,Imported anomaly flag from CSV (17 flagged calls on 2025-04-08),,False,,2025-04-08 23:59:59+00:00,*,*
f613fbcf-8c70-4292-9371-43024f0f0514,C2_MEDIUM,token_spike,warning,csv_import,1,,,,3.0,1.5,0.30000000000000004,Imported anomaly flag from CSV (3 flagged calls on 2025-04-07),,False,,2025-04-07 23:59:59+00:00,*,*
bcb0c42d-5bae-4f84-906c-ba151b1f628e,C3_ENTERPRISE,token_spike,warning,csv_import,1,,,,9.0,4.5,0.9,Imported anomaly flag from CSV (9 flagged calls on 2025-04-07),,False,,2025-04-07 23:59:59+00:00,*,*
33163f13-3cd3-4b29-b799-5e35213f6d0d,C3_ENTERPRISE,token_spike,critical,csv_import,1,,,,12.0,6.0,1.2000000000000002,Imported anomaly flag from CSV (12 flagged calls on 2025-04-06),,False,,2025-04-06 23:59:59+00:00,*,*
9e85a146-0e04-4fe0-b1a8-31d12594bb3d,C1_SMALL,token_spike,warning,csv_import,1,,,,1.0,0.5,0.1,Imported anomaly flag from CSV (1 flagged calls on 2025-04-05),,False,,2025-04-05 23:59:59+00:00,*,*
cf18b80b-ecff-4a01-9803-35ac58c61b59,C2_MEDIUM,token_spike,warning,csv_import,1,,,,2.0,1.0,0.2,Imported anomaly flag from CSV (2 flagged calls on 2025-04-05),,False,,2025-04-05 23:59:59+00:00,*,*
d9d56ecb-d93e-4b71-aa43-6984ae986030,C3_ENTERPRISE,token_spike,critical,csv_import,1,,,,7.0,3.5,0.7000000000000001,Imported anomaly flag from CSV (7 flagged calls on 2025-04-05),,False,,2025-04-05 23:59:59+00:00,*,*
5a871c15-fa97-44d0-a4b8-2203eee35b43,C1_SMALL,token_spike,warning,csv_import,1,,,,1.0,0.5,0.1,Imported anomaly flag from CSV (1 flagged calls on 2025-04-04),,False,,2025-04-04 23:59:59+00:00,*,*
edf4aaac-e7a4-4711-8f5a-0506f47f6b47,C2_MEDIUM,token_spike,critical,csv_import,1,,,,5.0,2.5,0.5,Imported anomaly flag from CSV (5 flagged calls on 2025-04-04),,False,,2025-04-04 23:59:59+00:00,*,*
619de147-aba0-4740-983c-5bcdc3c7a703,C3_ENTERPRISE,token_spike,critical,csv_import,1,,,,15.0,7.5,1.5,Imported anomaly flag from CSV (15 flagged calls on 2025-04-04),,False,,2025-04-04 23:59:59+00:00,*,*
7b4eb00c-2ac8-43ea-a8d0-4b24d4d80161,C2_MEDIUM,token_spike,warning,csv_import,1,,,,1.0,0.5,0.1,Imported anomaly flag from CSV (1 flagged calls on 2025-04-03),,False,,2025-04-03 23:59:59+00:00,*,*
422d2e4f-8c6b-43a0-b4ef-dda810fbac50,C3_ENTERPRISE,token_spike,high,csv_import,1,,,,8.0,4.0,0.8,Imported anomaly flag from CSV (8 flagged calls on 2025-04-03),,False,,2025-04-03 23:59:59+00:00,*,*
8d4cc480-47cc-4c21-8b74-27b63b0c8e61,C1_SMALL,token_spike,warning,csv_import,1,,,,2.0,1.0,0.2,Imported anomaly flag from CSV (2 flagged calls on 2025-04-02),,False,,2025-04-02 23:59:59+00:00,*,*
3ad4d7a5-8603-45c7-803f-6db79f9ad914,C2_MEDIUM,token_spike,warning,csv_import,1,,,,3.0,1.5,0.30000000000000004,Imported anomaly flag from CSV (3 flagged calls on 2025-04-02),,False,,2025-04-02 23:59:59+00:00,*,*
e7de7d4f-df37-4bd9-bf99-c18502b87aa7,C3_ENTERPRISE,token_spike,warning,csv_import,1,,,,12.0,6.0,1.2000000000000002,Imported anomaly flag from CSV (12 flagged calls on 2025-04-02),,False,,2025-04-02 23:59:59+00:00,*,*
8ec1bd63-cf17-406b-a755-71fb9cdc334e,C1_SMALL,token_spike,critical,csv_import,1,,,,1.0,0.5,0.1,Imported anomaly flag from CSV (1 flagged calls on 2025-04-01),,False,,2025-04-01 23:59:59+00:00,*,*
a178c568-1066-446b-aaf5-c6fdd4874e3b,C2_MEDIUM,token_spike,warning,csv_import,1,,,,2.0,1.0,0.2,Imported anomaly flag from CSV (2 flagged calls on 2025-04-01),,False,,2025-04-01 23:59:59+00:00,*,*
d184375b-37a5-4414-ac6c-bff1e698785c,C3_ENTERPRISE,token_spike,warning,csv_import,1,,,,14.0,7.0,1.4000000000000001,Imported anomaly flag from CSV (14 flagged calls on 2025-04-01),,False,,2025-04-01 23:59:59+00:00,*,*
5d8bf013-7b92-4132-99fa-d0ec62fbba52,C1_SMALL,token_spike,warning,csv_import,1,,,,1.0,0.5,0.1,Imported anomaly flag from CSV (1 flagged calls on 2025-03-31),,False,,2025-03-31 23:59:59+00:00,*,*
a9239c62-d4d5-48ea-9c00-0d43f3182b75,C2_MEDIUM,token_spike,warning,csv_import,1,,,,6.0,3.0,0.6000000000000001,Imported anomaly flag from CSV (6 flagged calls on 2025-03-31),,False,,2025-03-31 23:59:59+00:00,*,*
f00f5bdb-3804-4c15-979b-66e96bf0372e,C3_ENTERPRISE,token_spike,warning,csv_import,1,,,,8.0,4.0,0.8,Imported anomaly flag from CSV (8 flagged calls on 2025-03-31),,False,,2025-03-31 23:59:59+00:00,*,*
6df2fc55-5c49-418a-83a6-6972da96e40b,C1_SMALL,token_spike,high,csv_import,1,,,,3.0,1.5,0.30000000000000004,Imported anomaly flag from CSV (3 flagged calls on 2025-03-30),,False,,2025-03-30 23:59:59+00:00,*,*
aaa520dc-93d9-480a-bb68-fcde003a2e97,C2_MEDIUM,token_spike,critical,csv_import,1,,,,1.0,0.5,0.1,Imported anomaly flag from CSV (1 flagged calls on 2025-03-30),,False,,2025-03-30 23:59:59+00:00,*,*
212818bc-d6ce-401f-9534-f07cc12f71dc,C3_ENTERPRISE,token_spike,warning,csv_import,1,,,,4.0,2.0,0.4,Imported anomaly flag from CSV (4 flagged calls on 2025-03-30),,False,,2025-03-30 23:59:59+00:00,*,*
5657650e-1f6e-47d8-91a4-5b676b0923ed,C2_MEDIUM,token_spike,critical,csv_import,1,,,,2.0,1.0,0.2,Imported anomaly flag from CSV (2 flagged calls on 2025-03-29),,False,,2025-03-29 23:59:59+00:00,*,*
11b0b297-edfe-4ba9-98a3-80dbcc055979,C3_ENTERPRISE,token_spike,high,csv_import,1,,,,8.0,4.0,0.8,Imported anomaly flag from CSV (8 flagged calls on 2025-03-29),,False,,2025-03-29 23:59:59+00:00,*,*
8958fa36-d805-49bd-ac22-cdd0105877a7,C1_SMALL,token_spike,high,csv_import,1,,,,1.0,0.5,0.1,Imported anomaly flag from CSV (1 flagged calls on 2025-03-28),,False,,2025-03-28 23:59:59+00:00,*,*
a42de4cd-9ca7-4b1f-9655-389dae540f67,C2_MEDIUM,token_spike,warning,csv_import,1,,,,4.0,2.0,0.4,Imported anomaly flag from CSV (4 flagged calls on 2025-03-28),,False,,2025-03-28 23:59:59+00:00,*,*
ce740302-44b4-4d46-951a-3384d8b6647b,C3_ENTERPRISE,token_spike,high,csv_import,1,,,,10.0,5.0,1.0,Imported anomaly flag from CSV (10 flagged calls on 2025-03-28),,False,,2025-03-28 23:59:59+00:00,*,*
9aad4659-7ce4-49a8-81c4-0fdca80e63ea,C2_MEDIUM,token_spike,warning,csv_import,1,,,,2.0,1.0,0.2,Imported anomaly flag from CSV (2 flagged calls on 2025-03-27),,False,,2025-03-27 23:59:59+00:00,*,*
f98a475f-3315-43ab-ac52-7e876ada9ca7,C3_ENTERPRISE,token_spike,warning,csv_import,1,,,,7.0,3.5,0.7000000000000001,Imported anomaly flag from CSV (7 flagged calls on 2025-03-27),,False,,2025-03-27 23:59:59+00:00,*,*
9787e8c5-8eb7-418c-8bad-fca860ec9148,C2_MEDIUM,token_spike,warning,csv_import,1,,,,2.0,1.0,0.2,Imported anomaly flag from CSV (2 flagged calls on 2025-03-26),,False,,2025-03-26 23:59:59+00:00,*,*
6e54c830-877f-41f5-b31e-e4d2bfab5fd8,C3_ENTERPRISE,token_spike,high,csv_import,1,,,,7.0,3.5,0.7000000000000001,Imported anomaly flag from CSV (7 flagged calls on 2025-03-26),,False,,2025-03-26 23:59:59+00:00,*,*
4aa6be09-7f0c-4f5b-a81c-652fb880eb9e,C2_MEDIUM,token_spike,high,csv_import,1,,,,2.0,1.0,0.2,Imported anomaly flag from CSV (2 flagged calls on 2025-03-25),,False,,2025-03-25 23:59:59+00:00,*,*
412bced8-8b3d-43b7-8177-60ba16b3048c,C3_ENTERPRISE,token_spike,high,csv_import,1,,,,9.0,4.5,0.9,Imported anomaly flag from CSV (9 flagged calls on 2025-03-25),,False,,2025-03-25 23:59:59+00:00,*,*
8cc69e4a-a352-4ee5-9858-72e72eaa8d19,C2_MEDIUM,token_spike,critical,csv_import,1,,,,3.0,1.5,0.30000000000000004,Imported anomaly flag from CSV (3 flagged calls on 2025-03-24),,False,,2025-03-24 23:59:59+00:00,*,*
f3b0e8f1-3fa3-451f-8494-775c0cd458f3,C3_ENTERPRISE,token_spike,high,csv_import,1,,,,9.0,4.5,0.9,Imported anomaly flag from CSV (9 flagged calls on 2025-03-24),,False,,2025-03-24 23:59:59+00:00,*,*
797a140c-a86b-4235-b1c9-e048e5376633,C1_SMALL,token_spike,critical,csv_import,1,,,,1.0,0.5,0.1,Imported anomaly flag from CSV (1 flagged calls on 2025-03-23),,False,,2025-03-23 23:59:59+00:00,*,*
2f7d0ae4-4d09-45ce-9c11-86089987c22d,C2_MEDIUM,token_spike,critical,csv_import,1,,,,1.0,0.5,0.1,Imported anomaly flag from CSV (1 flagged calls on 2025-03-23),,False,,2025-03-23 23:59:59+00:00,*,*
baa10aaf-6415-4b0c-b6d5-90a12c336032,C3_ENTERPRISE,token_spike,warning,csv_import,1,,,,8.0,4.0,0.8,Imported anomaly flag from CSV (8 flagged calls on 2025-03-23),,False,,2025-03-23 23:59:59+00:00,*,*
15e25e32-b490-47f3-919a-7a35fec54c19,C2_MEDIUM,token_spike,warning,csv_import,1,,,,3.0,1.5,0.30000000000000004,Imported anomaly flag from CSV (3 flagged calls on 2025-03-22),,False,,2025-03-22 23:59:59+00:00,*,*
0f1e8c15-fd32-4b88-96b8-c39e58fb6fa0,C3_ENTERPRISE,token_spike,high,csv_import,1,,,,14.0,7.0,1.4000000000000001,Imported anomaly flag from CSV (14 flagged calls on 2025-03-22),,False,,2025-03-22 23:59:59+00:00,*,*
64fb68d2-4199-4c32-b2cc-cd67e126616a,C2_MEDIUM,token_spike,critical,csv_import,1,,,,5.0,2.5,0.5,Imported anomaly flag from CSV (5 flagged calls on 2025-03-21),,False,,2025-03-21 23:59:59+00:00,*,*
95d31a32-90e3-458c-8712-936df6d3fc0c,C3_ENTERPRISE,token_spike,warning,csv_import,1,,,,14.0,7.0,1.4000000000000001,Imported anomaly flag from CSV (14 flagged calls on 2025-03-21),,False,,2025-03-21 23:59:59+00:00,*,*
cda3abf1-4bf7-4f67-afff-c23b3510f2aa,C2_MEDIUM,token_spike,critical,csv_import,1,,,,3.0,1.5,0.30000000000000004,Imported anomaly flag from CSV (3 flagged calls on 2025-03-20),,False,,2025-03-20 23:59:59+00:00,*,*
f309ac22-b2a1-4d06-881d-b804c47355fb,C3_ENTERPRISE,token_spike,warning,csv_import,1,,,,10.0,5.0,1.0,Imported anomaly flag from CSV (10 flagged calls on 2025-03-20),,False,,2025-03-20 23:59:59+00:00,*,*
95883a40-3ff1-4872-9c6e-57ac2256f1c9,C1_SMALL,token_spike,warning,csv_import,1,,,,1.0,0.5,0.1,Imported anomaly flag from CSV (1 flagged calls on 2025-03-19),,False,,2025-03-19 23:59:59+00:00,*,*
4f24dbc8-a763-4d3c-9753-d1320e3da921,C2_MEDIUM,token_spike,warning,csv_import,1,,,,5.0,2.5,0.5,Imported anomaly flag from CSV (5 flagged calls on 2025-03-19),,False,,2025-03-19 23:59:59+00:00,*,*
2ccd1bbf-2fc9-42cb-998e-2f4ed49487f8,C3_ENTERPRISE,token_spike,warning,csv_import,1,,,,7.0,3.5,0.7000000000000001,Imported anomaly flag from CSV (7 flagged calls on 2025-03-19),,False,,2025-03-19 23:59:59+00:00,*,*
969f403c-4a2e-4bf5-a87b-ee010106073f,C1_SMALL,token_spike,critical,csv_import,1,,,,1.0,0.5,0.1,Imported anomaly flag from CSV (1 flagged calls on 2025-03-18),,False,,2025-03-18 23:59:59+00:00,*,*
1c2b4ce9-39e8-4631-87f6-390a60499ccb,C2_MEDIUM,token_spike,high,csv_import,1,,,,4.0,2.0,0.4,Imported anomaly flag from CSV (4 flagged calls on 2025-03-18),,False,,2025-03-18 23:59:59+00:00,*,*
f796a60c-e843-46f0-aff8-d4974e420241,C3_ENTERPRISE,token_spike,high,csv_import,1,,,,14.0,7.0,1.4000000000000001,Imported anomaly flag from CSV (14 flagged calls on 2025-03-18),,False,,2025-03-18 23:59:59+00:00,*,*
378bd6e2-cded-4d98-a7f5-74e248db8120,C1_SMALL,token_spike,critical,csv_import,1,,,,3.0,1.5,0.30000000000000004,Imported anomaly flag from CSV (3 flagged calls on 2025-03-17),,False,,2025-03-17 23:59:59+00:00,*,*
cd7c45c7-c0e3-4a9b-8842-d529b1732c34,C2_MEDIUM,token_spike,high,csv_import,1,,,,2.0,1.0,0.2,Imported anomaly flag from CSV (2 flagged calls on 2025-03-17),,False,,2025-03-17 23:59:59+00:00,*,*
23aeb900-6277-434b-a76f-d4e80e485c30,C3_ENTERPRISE,token_spike,critical,csv_import,1,,,,9.0,4.5,0.9,Imported anomaly flag from CSV (9 flagged calls on 2025-03-17),,False,,2025-03-17 23:59:59+00:00,*,*
79f3f4d2-0344-4f84-9854-0c8aa13b38cf,C1_SMALL,token_spike,warning,csv_import,1,,,,1.0,0.5,0.1,Imported anomaly flag from CSV (1 flagged calls on 2025-03-16),,False,,2025-03-16 23:59:59+00:00,*,*
908602fd-db59-45ae-940b-11722bba3965,C2_MEDIUM,token_spike,warning,csv_import,1,,,,2.0,1.0,0.2,Imported anomaly flag from CSV (2 flagged calls on 2025-03-16),,False,,2025-03-16 23:59:59+00:00,*,*
776bc0bb-7665-42fd-b3bf-e221edcbaaf1,C3_ENTERPRISE,token_spike,high,csv_import,1,,,,7.0,3.5,0.7000000000000001,Imported anomaly flag from CSV (7 flagged calls on 2025-03-16),,False,,2025-03-16 23:59:59+00:00,*,*
896c7933-889c-47dd-ae93-da3b6fd7ec6d,C1_SMALL,token_spike,critical,csv_import,1,,,,1.0,0.5,0.1,Imported anomaly flag from CSV (1 flagged calls on 2025-03-15),,False,,2025-03-15 23:59:59+00:00,*,*
6c321352-f229-4bf2-9d78-64ed374d53ca,C2_MEDIUM,token_spike,high,csv_import,1,,,,2.0,1.0,0.2,Imported anomaly flag from CSV (2 flagged calls on 2025-03-15),,False,,2025-03-15 23:59:59+00:00,*,*
315ed797-2675-47f2-8174-94ff17d48122,C3_ENTERPRISE,token_spike,critical,csv_import,1,,,,9.0,4.5,0.9,Imported anomaly flag from CSV (9 flagged calls on 2025-03-15),,False,,2025-03-15 23:59:59+00:00,*,*
48652550-a8d6-4557-9707-765e787438d8,C2_MEDIUM,token_spike,critical,csv_import,1,,,,1.0,0.5,0.1,Imported anomaly flag from CSV (1 flagged calls on 2025-03-14),,False,,2025-03-14 23:59:59+00:00,*,*
87678191-2ba0-4a1d-a371-79bad91de6cb,C3_ENTERPRISE,token_spike,critical,csv_import,1,,,,4.0,2.0,0.4,Imported anomaly flag from CSV (4 flagged calls on 2025-03-14),,False,,2025-03-14 23:59:59+00:00,*,*
1de966a0-1809-4aa3-88f8-4c66bbcbf8b9,C1_SMALL,token_spike,warning,csv_import,1,,,,1.0,0.5,0.1,Imported anomaly flag from CSV (1 flagged calls on 2025-03-13),,False,,2025-03-13 23:59:59+00:00,*,*
752679b7-bd4a-4de1-8753-de6825bfd1cd,C2_MEDIUM,token_spike,high,csv_import,1,,,,5.0,2.5,0.5,Imported anomaly flag from CSV (5 flagged calls on 2025-03-13),,False,,2025-03-13 23:59:59+00:00,*,*
4be60b54-909e-4bd0-91e9-25d8fbbac8ae,C3_ENTERPRISE,token_spike,high,csv_import,1,,,,14.0,7.0,1.4000000000000001,Imported anomaly flag from CSV (14 flagged calls on 2025-03-13),,False,,2025-03-13 23:59:59+00:00,*,*
f57f6f33-bc65-45a2-a1d9-0c2da597a06a,C1_SMALL,token_spike,critical,csv_import,1,,,,1.0,0.5,0.1,Imported anomaly flag from CSV (1 flagged calls on 2025-03-12),,False,,2025-03-12 23:59:59+00:00,*,*
9f99e82d-28a8-421a-b5a7-3ec6c35122d9,C2_MEDIUM,token_spike,warning,csv_import,1,,,,6.0,3.0,0.6000000000000001,Imported anomaly flag from CSV (6 flagged calls on 2025-03-12),,False,,2025-03-12 23:59:59+00:00,*,*
4e09c79b-a09d-4bfb-bf09-e64ab9fff4d8,C3_ENTERPRISE,token_spike,critical,csv_import,1,,,,12.0,6.0,1.2000000000000002,Imported anomaly flag from CSV (12 flagged calls on 2025-03-12),,False,,2025-03-12 23:59:59+00:00,*,*
23ab5e4e-2e7e-4f93-9750-4b00a03f6f05,C2_MEDIUM,token_spike,high,csv_import,1,,,,2.0,1.0,0.2,Imported anomaly flag from CSV (2 flagged calls on 2025-03-11),,False,,2025-03-11 23:59:59+00:00,*,*
e779cc7f-ad05-4278-bf69-b5ccddeed450,C3_ENTERPRISE,token_spike,warning,csv_import,1,,,,10.0,5.0,1.0,Imported anomaly flag from CSV (10 flagged calls on 2025-03-11),,False,,2025-03-11 23:59:59+00:00,*,*
e801d283-c3f8-4f36-bf8d-e9ebb99e7172,C2_MEDIUM,token_spike,critical,csv_import,1,,,,4.0,2.0,0.4,Imported anomaly flag from CSV (4 flagged calls on 2025-03-10),,False,,2025-03-10 23:59:59+00:00,*,*
b76232c1-50bb-4f48-ba64-7577f46ffa13,C3_ENTERPRISE,token_spike,warning,csv_import,1,,,,11.0,5.5,1.1,Imported anomaly flag from CSV (11 flagged calls on 2025-03-10),,False,,2025-03-10 23:59:59+00:00,*,*
777b88f5-d668-4199-a2e8-c20959526005,C2_MEDIUM,token_spike,warning,csv_import,1,,,,3.0,1.5,0.30000000000000004,Imported anomaly flag from CSV (3 flagged calls on 2025-03-09),,False,,2025-03-09 23:59:59+00:00,*,*
19b9293d-a28d-4a73-9a3b-d36fe3211633,C3_ENTERPRISE,token_spike,critical,csv_import,1,,,,6.0,3.0,0.6000000000000001,Imported anomaly flag from CSV (6 flagged calls on 2025-03-09),,False,,2025-03-09 23:59:59+00:00,*,*
40faff9f-8f34-404a-b459-83ce80955aa7,C3_ENTERPRISE,token_spike,critical,csv_import,1,,,,7.0,3.5,0.7000000000000001,Imported anomaly flag from CSV (7 flagged calls on 2025-03-08),,False,,2025-03-08 23:59:59+00:00,*,*
8c09f994-1357-4787-9bcc-d0623e5c310c,C2_MEDIUM,token_spike,warning,csv_import,1,,,,3.0,1.5,0.30000000000000004,Imported anomaly flag from CSV (3 flagged calls on 2025-03-07),,False,,2025-03-07 23:59:59+00:00,*,*
66d9fb5d-06da-4014-8777-f829d45b4118,C3_ENTERPRISE,token_spike,critical,csv_import,1,,,,17.0,8.5,1.7000000000000002,Imported anomaly flag from CSV (17 flagged calls on 2025-03-07),,False,,2025-03-07 23:59:59+00:00,*,*
992003f3-a44a-4ea5-9864-dbe45530f062,C1_SMALL,token_spike,warning,csv_import,1,,,,3.0,1.5,0.30000000000000004,Imported anomaly flag from CSV (3 flagged calls on 2025-03-06),,False,,2025-03-06 23:59:59+00:00,*,*
ef187e05-a8e6-4fb7-a336-851c8ee94998,C2_MEDIUM,token_spike,warning,csv_import,1,,,,1.0,0.5,0.1,Imported anomaly flag from CSV (1 flagged calls on 2025-03-06),,False,,2025-03-06 23:59:59+00:00,*,*
672ce658-2ab0-4b83-9edb-40f58ed63535,C3_ENTERPRISE,token_spike,critical,csv_import,1,,,,10.0,5.0,1.0,Imported anomaly flag from CSV (10 flagged calls on 2025-03-06),,False,,2025-03-06 23:59:59+00:00,*,*
557fadd9-2322-4f8b-b08a-5852a3f71e60,C2_MEDIUM,token_spike,high,csv_import,1,,,,4.0,2.0,0.4,Imported anomaly flag from CSV (4 flagged calls on 2025-03-05),,False,,2025-03-05 23:59:59+00:00,*,*
2311c2f0-d068-44db-a6a7-592c6210cf81,C3_ENTERPRISE,token_spike,critical,csv_import,1,,,,7.0,3.5,0.7000000000000001,Imported anomaly flag from CSV (7 flagged calls on 2025-03-05),,False,,2025-03-05 23:59:59+00:00,*,*
b0d8d58f-7f28-4c48-ac04-a04fdc27d8ac,C1_SMALL,token_spike,high,csv_import,1,,,,2.0,1.0,0.2,Imported anomaly flag from CSV (2 flagged calls on 2025-03-04),,False,,2025-03-04 23:59:59+00:00,*,*
861f61ac-1713-4658-917c-42ea0b29dab2,C2_MEDIUM,token_spike,critical,csv_import,1,,,,6.0,3.0,0.6000000000000001,Imported anomaly flag from CSV (6 flagged calls on 2025-03-04),,False,,2025-03-04 23:59:59+00:00,*,*
04578519-6f90-49a1-8782-77a2483d4108,C3_ENTERPRISE,token_spike,critical,csv_import,1,,,,11.0,5.5,1.1,Imported anomaly flag from CSV (11 flagged calls on 2025-03-04),,False,,2025-03-04 23:59:59+00:00,*,*
d2f1bd78-ae9c-44e8-9a45-3f9fa0e40952,C2_MEDIUM,token_spike,critical,csv_import,1,,,,1.0,0.5,0.1,Imported anomaly flag from CSV (1 flagged calls on 2025-03-03),,False,,2025-03-03 23:59:59+00:00,*,*
27b601da-3f18-43f1-9cff-d6beeee4ff34,C3_ENTERPRISE,token_spike,critical,csv_import,1,,,,9.0,4.5,0.9,Imported anomaly flag from CSV (9 flagged calls on 2025-03-03),,False,,2025-03-03 23:59:59+00:00,*,*
2a02c63a-9b07-4ab9-91b3-e84c923053f0,C2_MEDIUM,token_spike,warning,csv_import,1,,,,1.0,0.5,0.1,Imported anomaly flag from CSV (1 flagged calls on 2025-03-02),,False,,2025-03-02 23:59:59+00:00,*,*
9b683bc3-d0ae-4db0-b8e0-6366370e72e0,C3_ENTERPRISE,token_spike,critical,csv_import,1,,,,7.0,3.5,0.7000000000000001,Imported anomaly flag from CSV (7 flagged calls on 2025-03-02),,False,,2025-03-02 23:59:59+00:00,*,*
3258408e-0f92-4dc7-91dc-62eaba978b6a,C1_SMALL,token_spike,warning,csv_import,1,,,,1.0,0.5,0.1,Imported anomaly flag from CSV (1 flagged calls on 2025-03-01),,False,,2025-03-01 23:59:59+00:00,*,*
bafbb7fe-5f76-49e9-a135-abcb08e0f8d6,C2_MEDIUM,token_spike,critical,csv_import,1,,,,2.0,1.0,0.2,Imported anomaly flag from CSV (2 flagged calls on 2025-03-01),,False,,2025-03-01 23:59:59+00:00,*,*
ae3e0ad8-eeb2-4711-921a-8de1788f9dfa,C3_ENTERPRISE,token_spike,high,csv_import,1,,,,8.0,4.0,0.8,Imported anomaly flag from CSV (8 flagged calls on 2025-03-01),,False,,2025-03-01 23:59:59+00:00,*,*
9a6bcacb-5e67-4f18-97aa-e3ac97a01e67,C1_SMALL,token_spike,warning,csv_import,1,,,,2.0,1.0,0.2,Imported anomaly flag from CSV (2 flagged calls on 2025-02-28),,False,,2025-02-28 23:59:59+00:00,*,*
f5a2e9e2-e662-4019-999a-d7aa79e7873b,C2_MEDIUM,token_spike,warning,csv_import,1,,,,1.0,0.5,0.1,Imported anomaly flag from CSV (1 flagged calls on 2025-02-28),,False,,2025-02-28 23:59:59+00:00,*,*
6b2c9f9d-c75d-4358-8a06-6fb8deede4c3,C3_ENTERPRISE,token_spike,high,csv_import,1,,,,13.0,6.5,1.3,Imported anomaly flag from CSV (13 flagged calls on 2025-02-28),,False,,2025-02-28 23:59:59+00:00,*,*
a6217825-da95-4a95-937b-d3678f5df0f2,C2_MEDIUM,token_spike,critical,csv_import,1,,,,3.0,1.5,0.30000000000000004,Imported anomaly flag from CSV (3 flagged calls on 2025-02-27),,False,,2025-02-27 23:59:59+00:00,*,*
91b3f5dc-1edb-45b8-98aa-a4acf6ea1303,C3_ENTERPRISE,token_spike,high,csv_import,1,,,,9.0,4.5,0.9,Imported anomaly flag from CSV (9 flagged calls on 2025-02-27),,False,,2025-02-27 23:59:59+00:00,*,*
b6df219d-6eba-49d5-a56a-b4a78b988b46,C1_SMALL,token_spike,high,csv_import,1,,,,1.0,0.5,0.1,Imported anomaly flag from CSV (1 flagged calls on 2025-02-26),,False,,2025-02-26 23:59:59+00:00,*,*
a3f03fbd-e7cc-4298-8ac0-ff8907d4e061,C2_MEDIUM,token_spike,critical,csv_import,1,,,,4.0,2.0,0.4,Imported anomaly flag from CSV (4 flagged calls on 2025-02-26),,False,,2025-02-26 23:59:59+00:00,*,*
d8ca11b1-3ade-44bf-b85f-6a702eb88382,C3_ENTERPRISE,token_spike,warning,csv_import,1,,,,8.0,4.0,0.8,Imported anomaly flag from CSV (8 flagged calls on 2025-02-26),,False,,2025-02-26 23:59:59+00:00,*,*
7d7c6649-2bb2-4626-9118-6c4a9828658a,C1_SMALL,token_spike,critical,csv_import,1,,,,1.0,0.5,0.1,Imported anomaly flag from CSV (1 flagged calls on 2025-02-25),,False,,2025-02-25 23:59:59+00:00,*,*
ce9d5f99-b869-413d-9ebd-b604fc302a11,C2_MEDIUM,token_spike,high,csv_import,1,,,,3.0,1.5,0.30000000000000004,Imported anomaly flag from CSV (3 flagged calls on 2025-02-25),,False,,2025-02-25 23:59:59+00:00,*,*
39ee204a-313d-4f34-9359-78594e9944a4,C3_ENTERPRISE,token_spike,critical,csv_import,1,,,,12.0,6.0,1.2000000000000002,Imported anomaly flag from CSV (12 flagged calls on 2025-02-25),,False,,2025-02-25 23:59:59+00:00,*,*
7fc21197-816e-4c8f-8459-c7adfd28a3ef,C2_MEDIUM,token_spike,high,csv_import,1,,,,3.0,1.5,0.30000000000000004,Imported anomaly flag from CSV (3 flagged calls on 2025-02-24),,False,,2025-02-24 23:59:59+00:00,*,*
4ab9a391-07c0-4466-82af-eadcf58d141c,C3_ENTERPRISE,token_spike,high,csv_import,1,,,,12.0,6.0,1.2000000000000002,Imported anomaly flag from CSV (12 flagged calls on 2025-02-24),,False,,2025-02-24 23:59:59+00:00,*,*
12c01c87-aff5-4dc0-89ce-6382f36ba071,C2_MEDIUM,token_spike,warning,csv_import,1,,,,1.0,0.5,0.1,Imported anomaly flag from CSV (1 flagged calls on 2025-02-23),,False,,2025-02-23 23:59:59+00:00,*,*
43d8634b-4534-4d5b-9629-9f7d7cdf237e,C3_ENTERPRISE,token_spike,warning,csv_import,1,,,,10.0,5.0,1.0,Imported anomaly flag from CSV (10 flagged calls on 2025-02-23),,False,,2025-02-23 23:59:59+00:00,*,*
895f5f2f-9d8c-4a6f-8497-98044f3e8e1d,C2_MEDIUM,token_spike,warning,csv_import,1,,,,2.0,1.0,0.2,Imported anomaly flag from CSV (2 flagged calls on 2025-02-22),,False,,2025-02-22 23:59:59+00:00,*,*
5f77117f-8a13-4a9a-8923-72e0feb9f12f,C3_ENTERPRISE,token_spike,critical,csv_import,1,,,,3.0,1.5,0.30000000000000004,Imported anomaly flag from CSV (3 flagged calls on 2025-02-22),,False,,2025-02-22 23:59:59+00:00,*,*
75602ccf-9535-44c6-bf9e-ab7c5b5598cf,C1_SMALL,token_spike,critical,csv_import,1,,,,1.0,0.5,0.1,Imported anomaly flag from CSV (1 flagged calls on 2025-02-21),,False,,2025-02-21 23:59:59+00:00,*,*
f363a151-4379-445f-a014-99909c5b371b,C2_MEDIUM,token_spike,high,csv_import,1,,,,4.0,2.0,0.4,Imported anomaly flag from CSV (4 flagged calls on 2025-02-21),,False,,2025-02-21 23:59:59+00:00,*,*
194d3295-62b1-46ab-b4dc-16dcee738e3b,C3_ENTERPRISE,token_spike,warning,csv_import,1,,,,15.0,7.5,1.5,Imported anomaly flag from CSV (15 flagged calls on 2025-02-21),,False,,2025-02-21 23:59:59+00:00,*,*
7da3fa50-6fb8-44bc-b33d-acdc4e9cec6d,C1_SMALL,token_spike,critical,csv_import,1,,,,2.0,1.0,0.2,Imported anomaly flag from CSV (2 flagged calls on 2025-02-20),,False,,2025-02-20 23:59:59+00:00,*,*
2a639afb-ed42-4839-b67a-5149483f56f2,C2_MEDIUM,token_spike,warning,csv_import,1,,,,3.0,1.5,0.30000000000000004,Imported anomaly flag from CSV (3 flagged calls on 2025-02-20),,False,,2025-02-20 23:59:59+00:00,*,*
2b6b6468-dc52-4697-a326-c8ad4864cca4,C3_ENTERPRISE,token_spike,warning,csv_import,1,,,,6.0,3.0,0.6000000000000001,Imported anomaly flag from CSV (6 flagged calls on 2025-02-20),,False,,2025-02-20 23:59:59+00:00,*,*
8306cc2d-0171-4285-865e-22aa3166bfc9,C2_MEDIUM,token_spike,critical,csv_import,1,,,,5.0,2.5,0.5,Imported anomaly flag from CSV (5 flagged calls on 2025-02-19),,False,,2025-02-19 23:59:59+00:00,*,*
373f5619-afe8-407a-be45-e4a5fc7ef62a,C3_ENTERPRISE,token_spike,critical,csv_import,1,,,,9.0,4.5,0.9,Imported anomaly flag from CSV (9 flagged calls on 2025-02-19),,False,,2025-02-19 23:59:59+00:00,*,*
7c71966f-cfad-47f4-9b00-b95d1dd195ea,C2_MEDIUM,token_spike,high,csv_import,1,,,,1.0,0.5,0.1,Imported anomaly flag from CSV (1 flagged calls on 2025-02-18),,False,,2025-02-18 23:59:59+00:00,*,*
5dcce536-5cb1-407e-8a4e-d481e441fbd0,C3_ENTERPRISE,token_spike,high,csv_import,1,,,,2.0,1.0,0.2,Imported anomaly flag from CSV (2 flagged calls on 2025-02-18),,False,,2025-02-18 23:59:59+00:00,*,*
959d16e5-32c2-4630-b6ed-8434bbdef234,C2_MEDIUM,token_spike,critical,csv_import,1,,,,1.0,0.5,0.1,Imported anomaly flag from CSV (1 flagged calls on 2025-02-17),,False,,2025-02-17 23:59:59+00:00,*,*
157922e4-1f3f-413b-82cf-fecdc4ac025c,C3_ENTERPRISE,token_spike,high,csv_import,1,,,,7.0,3.5,0.7000000000000001,Imported anomaly flag from CSV (7 flagged calls on 2025-02-17),,False,,2025-02-17 23:59:59+00:00,*,*
0f28a1f1-4a6d-4239-ac84-0eeca27e21c8,C3_ENTERPRISE,token_spike,high,csv_import,1,,,,9.0,4.5,0.9,Imported anomaly flag from CSV (9 flagged calls on 2025-02-16),,False,,2025-02-16 23:59:59+00:00,*,*
f889c2ce-7c44-4216-ab63-dd3eec62d0a3,C1_SMALL,token_spike,high,csv_import,1,,,,1.0,0.5,0.1,Imported anomaly flag from CSV (1 flagged calls on 2025-02-15),,False,,2025-02-15 23:59:59+00:00,*,*
c8d6421b-fb04-48c3-9c7c-bbcea3bef399,C2_MEDIUM,token_spike,critical,csv_import,1,,,,2.0,1.0,0.2,Imported anomaly flag from CSV (2 flagged calls on 2025-02-15),,False,,2025-02-15 23:59:59+00:00,*,*
d1f07b35-d729-4f78-8076-4cfe8497150d,C3_ENTERPRISE,token_spike,critical,csv_import,1,,,,7.0,3.5,0.7000000000000001,Imported anomaly flag from CSV (7 flagged calls on 2025-02-15),,False,,2025-02-15 23:59:59+00:00,*,*
ffc306b3-ca46-4c04-9138-acc2f7fb9181,C1_SMALL,token_spike,warning,csv_import,1,,,,1.0,0.5,0.1,Imported anomaly flag from CSV (1 flagged calls on 2025-02-14),,False,,2025-02-14 23:59:59+00:00,*,*
f3b09b18-cefd-4a60-a463-b773a02e9756,C2_MEDIUM,token_spike,critical,csv_import,1,,,,1.0,0.5,0.1,Imported anomaly flag from CSV (1 flagged calls on 2025-02-14),,False,,2025-02-14 23:59:59+00:00,*,*
f5593407-171d-4cac-b23f-61ffa514336f,C3_ENTERPRISE,token_spike,high,csv_import,1,,,,8.0,4.0,0.8,Imported anomaly flag from CSV (8 flagged calls on 2025-02-14),,False,,2025-02-14 23:59:59+00:00,*,*
1ecb66d5-2075-4c12-abc0-1cc947860f5b,C1_SMALL,token_spike,critical,csv_import,1,,,,5.0,2.5,0.5,Imported anomaly flag from CSV (5 flagged calls on 2025-02-13),,False,,2025-02-13 23:59:59+00:00,*,*
4185f0a0-140c-4f2c-8171-4b1e5ea1a5ca,C2_MEDIUM,token_spike,high,csv_import,1,,,,2.0,1.0,0.2,Imported anomaly flag from CSV (2 flagged calls on 2025-02-13),,False,,2025-02-13 23:59:59+00:00,*,*
79325c42-e890-4674-87b4-cda6e5492015,C3_ENTERPRISE,token_spike,high,csv_import,1,,,,16.0,8.0,1.6,Imported anomaly flag from CSV (16 flagged calls on 2025-02-13),,False,,2025-02-13 23:59:59+00:00,*,*
f0673989-8c76-48ee-bd81-eeffc64f6e08,C2_MEDIUM,token_spike,critical,csv_import,1,,,,4.0,2.0,0.4,Imported anomaly flag from CSV (4 flagged calls on 2025-02-12),,False,,2025-02-12 23:59:59+00:00,*,*
85908a0c-05f4-404d-8a94-d05134a779e4,C3_ENTERPRISE,token_spike,high,csv_import,1,,,,10.0,5.0,1.0,Imported anomaly flag from CSV (10 flagged calls on 2025-02-12),,False,,2025-02-12 23:59:59+00:00,*,*
ae8e854c-67a6-4f33-80c8-794bfd375bee,C2_MEDIUM,token_spike,critical,csv_import,1,,,,6.0,3.0,0.6000000000000001,Imported anomaly flag from CSV (6 flagged calls on 2025-02-11),,False,,2025-02-11 23:59:59+00:00,*,*
2bf50211-5c21-4b98-93d7-0ab7f1e4c7a7,C3_ENTERPRISE,token_spike,warning,csv_import,1,,,,10.0,5.0,1.0,Imported anomaly flag from CSV (10 flagged calls on 2025-02-11),,False,,2025-02-11 23:59:59+00:00,*,*
f2483c2c-8a1f-4f90-a35b-08230f44879b,C2_MEDIUM,token_spike,warning,csv_import,1,,,,1.0,0.5,0.1,Imported anomaly flag from CSV (1 flagged calls on 2025-02-10),,False,,2025-02-10 23:59:59+00:00,*,*
d6dba353-85c0-4252-b971-2d4a753289f1,C3_ENTERPRISE,token_spike,critical,csv_import,1,,,,8.0,4.0,0.8,Imported anomaly flag from CSV (8 flagged calls on 2025-02-10),,False,,2025-02-10 23:59:59+00:00,*,*
113b35a8-a602-4afc-b2ff-ca372d483f91,C2_MEDIUM,token_spike,high,csv_import,1,,,,3.0,1.5,0.30000000000000004,Imported anomaly flag from CSV (3 flagged calls on 2025-02-09),,False,,2025-02-09 23:59:59+00:00,*,*
d8744461-f0ee-4a5a-84b1-9988afbce0b4,C3_ENTERPRISE,token_spike,critical,csv_import,1,,,,10.0,5.0,1.0,Imported anomaly flag from CSV (10 flagged calls on 2025-02-09),,False,,2025-02-09 23:59:59+00:00,*,*
b6fd85e4-ddcb-4ee4-8faf-ddc099e3779e,C2_MEDIUM,token_spike,critical,csv_import,1,,,,2.0,1.0,0.2,Imported anomaly flag from CSV (2 flagged calls on 2025-02-08),,False,,2025-02-08 23:59:59+00:00,*,*
9b24dda1-c6e7-4e48-aff7-78736bb161e5,C3_ENTERPRISE,token_spike,high,csv_import,1,,,,3.0,1.5,0.30000000000000004,Imported anomaly flag from CSV (3 flagged calls on 2025-02-08),,False,,2025-02-08 23:59:59+00:00,*,*
4207d004-8f98-4f2c-b53f-ee503f7c8f5e,C3_ENTERPRISE,token_spike,high,csv_import,1,,,,6.0,3.0,0.6000000000000001,Imported anomaly flag from CSV (6 flagged calls on 2025-02-07),,False,,2025-02-07 23:59:59+00:00,*,*
57ec163b-dee9-4f2b-a5de-e408f474b0bc,C1_SMALL,token_spike,high,csv_import,1,,,,1.0,0.5,0.1,Imported anomaly flag from CSV (1 flagged calls on 2025-02-06),,False,,2025-02-06 23:59:59+00:00,*,*
dab6b292-060d-44f9-88c3-f257aa7c396e,C2_MEDIUM,token_spike,high,csv_import,1,,,,2.0,1.0,0.2,Imported anomaly flag from CSV (2 flagged calls on 2025-02-06),,False,,2025-02-06 23:59:59+00:00,*,*
c4fdee99-ed52-439e-a92c-24cd9f69575f,C3_ENTERPRISE,token_spike,critical,csv_import,1,,,,7.0,3.5,0.7000000000000001,Imported anomaly flag from CSV (7 flagged calls on 2025-02-06),,False,,2025-02-06 23:59:59+00:00,*,*
5bddf39a-197f-4070-8bad-c56dedd165d2,C2_MEDIUM,token_spike,high,csv_import,1,,,,2.0,1.0,0.2,Imported anomaly flag from CSV (2 flagged calls on 2025-02-05),,False,,2025-02-05 23:59:59+00:00,*,*
f68b934e-9ac6-41b5-a3e5-9440a8987da5,C3_ENTERPRISE,token_spike,critical,csv_import,1,,,,9.0,4.5,0.9,Imported anomaly flag from CSV (9 flagged calls on 2025-02-05),,False,,2025-02-05 23:59:59+00:00,*,*
ea26c4c8-b704-4acc-9bea-c0e6d224c0c1,C1_SMALL,token_spike,high,csv_import,1,,,,1.0,0.5,0.1,Imported anomaly flag from CSV (1 flagged calls on 2025-02-04),,False,,2025-02-04 23:59:59+00:00,*,*
e6b85397-94b4-4f77-9caf-532196b943f6,C2_MEDIUM,token_spike,high,csv_import,1,,,,2.0,1.0,0.2,Imported anomaly flag from CSV (2 flagged calls on 2025-02-04),,False,,2025-02-04 23:59:59+00:00,*,*
e84c67b2-c434-4afa-afa3-dacb21ebaaad,C3_ENTERPRISE,token_spike,high,csv_import,1,,,,10.0,5.0,1.0,Imported anomaly flag from CSV (10 flagged calls on 2025-02-04),,False,,2025-02-04 23:59:59+00:00,*,*
821f61f0-7323-4fa5-915e-51ce69588418,C2_MEDIUM,token_spike,warning,csv_import,1,,,,4.0,2.0,0.4,Imported anomaly flag from CSV (4 flagged calls on 2025-02-03),,False,,2025-02-03 23:59:59+00:00,*,*
2f5571a1-1b96-4f1a-8432-8a1688fa8dac,C3_ENTERPRISE,token_spike,high,csv_import,1,,,,6.0,3.0,0.6000000000000001,Imported anomaly flag from CSV (6 flagged calls on 2025-02-03),,False,,2025-02-03 23:59:59+00:00,*,*
8f6e4eb4-0e1c-4957-b7e8-65e1faa71592,C3_ENTERPRISE,token_spike,critical,csv_import,1,,,,6.0,3.0,0.6000000000000001,Imported anomaly flag from CSV (6 flagged calls on 2025-02-02),,False,,2025-02-02 23:59:59+00:00,*,*
0d0cac5f-9a56-4c4f-9205-2098cd8578eb,C1_SMALL,token_spike,critical,csv_import,1,,,,1.0,0.5,0.1,Imported anomaly flag from CSV (1 flagged calls on 2025-02-01),,False,,2025-02-01 23:59:59+00:00,*,*
fde40b22-35d9-4886-b2f0-36bcfa1c087d,C2_MEDIUM,token_spike,warning,csv_import,1,,,,2.0,1.0,0.2,Imported anomaly flag from CSV (2 flagged calls on 2025-02-01),,False,,2025-02-01 23:59:59+00:00,*,*
b3448993-01f7-4208-9190-fb6eac665f19,C3_ENTERPRISE,token_spike,critical,csv_import,1,,,,9.0,4.5,0.9,Imported anomaly flag from CSV (9 flagged calls on 2025-02-01),,False,,2025-02-01 23:59:59+00:00,*,*
6ffa1168-3777-4115-a191-180ca1619f89,C1_SMALL,token_spike,warning,csv_import,1,,,,1.0,0.5,0.1,Imported anomaly flag from CSV (1 flagged calls on 2025-01-31),,False,,2025-01-31 23:59:59+00:00,*,*
07a34138-ed69-4f3a-965d-2b2ff88cb4fd,C2_MEDIUM,token_spike,high,csv_import,1,,,,2.0,1.0,0.2,Imported anomaly flag from CSV (2 flagged calls on 2025-01-31),,False,,2025-01-31 23:59:59+00:00,*,*
e26a3fc4-4805-4b66-afaa-42ef7abe881e,C3_ENTERPRISE,token_spike,critical,csv_import,1,,,,19.0,9.5,1.9000000000000001,Imported anomaly flag from CSV (19 flagged calls on 2025-01-31),,False,,2025-01-31 23:59:59+00:00,*,*
235bcc22-ae5c-488e-bff7-72529a8db24a,C2_MEDIUM,token_spike,high,csv_import,1,,,,4.0,2.0,0.4,Imported anomaly flag from CSV (4 flagged calls on 2025-01-30),,False,,2025-01-30 23:59:59+00:00,*,*
1c663f72-d750-49d0-a783-01de1bd783a5,C3_ENTERPRISE,token_spike,critical,csv_import,1,,,,10.0,5.0,1.0,Imported anomaly flag from CSV (10 flagged calls on 2025-01-30),,False,,2025-01-30 23:59:59+00:00,*,*
1aca55c5-7f9b-45f7-b3d9-5f56b77fbc66,C1_SMALL,token_spike,warning,csv_import,1,,,,2.0,1.0,0.2,Imported anomaly flag from CSV (2 flagged calls on 2025-01-29),,False,,2025-01-29 23:59:59+00:00,*,*
e8e6d791-d42b-4366-bf45-fbf974251ffa,C2_MEDIUM,token_spike,critical,csv_import,1,,,,1.0,0.5,0.1,Imported anomaly flag from CSV (1 flagged calls on 2025-01-29),,False,,2025-01-29 23:59:59+00:00,*,*
43d55ea3-42bb-4f05-800e-f88b7cfa0fdc,C3_ENTERPRISE,token_spike,high,csv_import,1,,,,7.0,3.5,0.7000000000000001,Imported anomaly flag from CSV (7 flagged calls on 2025-01-29),,False,,2025-01-29 23:59:59+00:00,*,*
d553f237-d574-49f4-9556-96b49ab2d8d2,C1_SMALL,token_spike,critical,csv_import,1,,,,1.0,0.5,0.1,Imported anomaly flag from CSV (1 flagged calls on 2025-01-28),,False,,2025-01-28 23:59:59+00:00,*,*
59b5b5cf-e43e-4638-bd62-9898bd132925,C2_MEDIUM,token_spike,warning,csv_import,1,,,,2.0,1.0,0.2,Imported anomaly flag from CSV (2 flagged calls on 2025-01-28),,False,,2025-01-28 23:59:59+00:00,*,*
e1bd0c4b-ebb1-491a-a5ef-5ff1c1c291f4,C3_ENTERPRISE,token_spike,high,csv_import,1,,,,8.0,4.0,0.8,Imported anomaly flag from CSV (8 flagged calls on 2025-01-28),,False,,2025-01-28 23:59:59+00:00,*,*
8caa8099-0668-4b98-aa27-e155173d5846,C2_MEDIUM,token_spike,high,csv_import,1,,,,1.0,0.5,0.1,Imported anomaly flag from CSV (1 flagged calls on 2025-01-27),,False,,2025-01-27 23:59:59+00:00,*,*
6f3ad60a-db03-4a45-afc3-be01612b804e,C3_ENTERPRISE,token_spike,warning,csv_import,1,,,,10.0,5.0,1.0,Imported anomaly flag from CSV (10 flagged calls on 2025-01-27),,False,,2025-01-27 23:59:59+00:00,*,*
73be67b7-5599-4306-a669-28b3bb2cdcea,C1_SMALL,token_spike,warning,csv_import,1,,,,1.0,0.5,0.1,Imported anomaly flag from CSV (1 flagged calls on 2025-01-26),,False,,2025-01-26 23:59:59+00:00,*,*
3ff05ec9-4d01-44fe-976c-7439afbf55c4,C2_MEDIUM,token_spike,high,csv_import,1,,,,1.0,0.5,0.1,Imported anomaly flag from CSV (1 flagged calls on 2025-01-26),,False,,2025-01-26 23:59:59+00:00,*,*
6a1ef448-303f-4761-a0d6-c99b6da22314,C3_ENTERPRISE,token_spike,high,csv_import,1,,,,2.0,1.0,0.2,Imported anomaly flag from CSV (2 flagged calls on 2025-01-26),,False,,2025-01-26 23:59:59+00:00,*,*
beb478a2-a8e2-4984-a02b-17b5ee573daf,C2_MEDIUM,token_spike,high,csv_import,1,,,,2.0,1.0,0.2,Imported anomaly flag from CSV (2 flagged calls on 2025-01-25),,False,,2025-01-25 23:59:59+00:00,*,*
c3ad8bce-6939-47aa-97ce-01e3f1de1b77,C3_ENTERPRISE,token_spike,warning,csv_import,1,,,,5.0,2.5,0.5,Imported anomaly flag from CSV (5 flagged calls on 2025-01-25),,False,,2025-01-25 23:59:59+00:00,*,*
bb846d71-d784-4be0-95cf-ad1bd87ed90b,C1_SMALL,token_spike,high,csv_import,1,,,,2.0,1.0,0.2,Imported anomaly flag from CSV (2 flagged calls on 2025-01-24),,False,,2025-01-24 23:59:59+00:00,*,*
931870f9-98d9-4b3f-82f4-dad43c660ac1,C2_MEDIUM,token_spike,warning,csv_import,1,,,,4.0,2.0,0.4,Imported anomaly flag from CSV (4 flagged calls on 2025-01-24),,False,,2025-01-24 23:59:59+00:00,*,*
9da8db53-3c6b-4938-a769-077e1f1a0b22,C3_ENTERPRISE,token_spike,high,csv_import,1,,,,8.0,4.0,0.8,Imported anomaly flag from CSV (8 flagged calls on 2025-01-24),,False,,2025-01-24 23:59:59+00:00,*,*
7b50fdd8-4a6e-43eb-8e42-7cf777bfa5ee,C2_MEDIUM,token_spike,high,csv_import,1,,,,2.0,1.0,0.2,Imported anomaly flag from CSV (2 flagged calls on 2025-01-23),,False,,2025-01-23 23:59:59+00:00,*,*
9bd47c83-5cff-4bd1-a2d2-897bf0a509ec,C3_ENTERPRISE,token_spike,high,csv_import,1,,,,12.0,6.0,1.2000000000000002,Imported anomaly flag from CSV (12 flagged calls on 2025-01-23),,False,,2025-01-23 23:59:59+00:00,*,*
76befbcf-b0c9-47f6-8e9c-ce625ff39706,C1_SMALL,token_spike,critical,csv_import,1,,,,1.0,0.5,0.1,Imported anomaly flag from CSV (1 flagged calls on 2025-01-22),,False,,2025-01-22 23:59:59+00:00,*,*
0faee722-9804-40d2-830b-f83a601792ba,C2_MEDIUM,token_spike,warning,csv_import,1,,,,2.0,1.0,0.2,Imported anomaly flag from CSV (2 flagged calls on 2025-01-22),,False,,2025-01-22 23:59:59+00:00,*,*
6017e056-a1f4-48ad-ac32-24dc060dd875,C3_ENTERPRISE,token_spike,high,csv_import,1,,,,11.0,5.5,1.1,Imported anomaly flag from CSV (11 flagged calls on 2025-01-22),,False,,2025-01-22 23:59:59+00:00,*,*
8837675c-9ea8-4d45-bed8-efa2f5d7e056,C2_MEDIUM,token_spike,warning,csv_import,1,,,,2.0,1.0,0.2,Imported anomaly flag from CSV (2 flagged calls on 2025-01-21),,False,,2025-01-21 23:59:59+00:00,*,*
e377e255-10a4-4fb4-b754-61c60e484059,C3_ENTERPRISE,token_spike,high,csv_import,1,,,,13.0,6.5,1.3,Imported anomaly flag from CSV (13 flagged calls on 2025-01-21),,False,,2025-01-21 23:59:59+00:00,*,*
a006f401-7380-403c-bb77-798b46b86970,C2_MEDIUM,token_spike,warning,csv_import,1,,,,1.0,0.5,0.1,Imported anomaly flag from CSV (1 flagged calls on 2025-01-20),,False,,2025-01-20 23:59:59+00:00,*,*
4fac79f8-9d54-4f9b-984b-8caf22729085,C3_ENTERPRISE,token_spike,warning,csv_import,1,,,,10.0,5.0,1.0,Imported anomaly flag from CSV (10 flagged calls on 2025-01-20),,False,,2025-01-20 23:59:59+00:00,*,*
c64ed85e-98bd-4c22-a25b-78e1d765f632,C2_MEDIUM,token_spike,high,csv_import,1,,,,1.0,0.5,0.1,Imported anomaly flag from CSV (1 flagged calls on 2025-01-19),,False,,2025-01-19 23:59:59+00:00,*,*
74b984a7-2091-49ac-901a-4771ad28078b,C3_ENTERPRISE,token_spike,critical,csv_import,1,,,,3.0,1.5,0.30000000000000004,Imported anomaly flag from CSV (3 flagged calls on 2025-01-19),,False,,2025-01-19 23:59:59+00:00,*,*
cfac5ada-788b-4742-a57e-39e303e1d6ad,C2_MEDIUM,token_spike,warning,csv_import,1,,,,1.0,0.5,0.1,Imported anomaly flag from CSV (1 flagged calls on 2025-01-18),,False,,2025-01-18 23:59:59+00:00,*,*
5f450009-26fd-4b9d-9978-ea00825e2a95,C3_ENTERPRISE,token_spike,critical,csv_import,1,,,,5.0,2.5,0.5,Imported anomaly flag from CSV (5 flagged calls on 2025-01-18),,False,,2025-01-18 23:59:59+00:00,*,*
6d7ded11-e1a8-4e24-af4c-c2b58884c824,C2_MEDIUM,token_spike,critical,csv_import,1,,,,1.0,0.5,0.1,Imported anomaly flag from CSV (1 flagged calls on 2025-01-17),,False,,2025-01-17 23:59:59+00:00,*,*
085f7081-ea95-4acc-8f32-0c60b362eeed,C3_ENTERPRISE,token_spike,warning,csv_import,1,,,,6.0,3.0,0.6000000000000001,Imported anomaly flag from CSV (6 flagged calls on 2025-01-17),,False,,2025-01-17 23:59:59+00:00,*,*
bbcb1132-58a8-4631-a9bc-6d9dc1273be7,C2_MEDIUM,token_spike,high,csv_import,1,,,,2.0,1.0,0.2,Imported anomaly flag from CSV (2 flagged calls on 2025-01-16),,False,,2025-01-16 23:59:59+00:00,*,*
ae779d09-dac7-438d-a47a-1aecc91b8dbb,C3_ENTERPRISE,token_spike,critical,csv_import,1,,,,7.0,3.5,0.7000000000000001,Imported anomaly flag from CSV (7 flagged calls on 2025-01-16),,False,,2025-01-16 23:59:59+00:00,*,*
ff65b61c-f60f-44d3-aa7b-9fd7e55e7418,C1_SMALL,token_spike,critical,csv_import,1,,,,1.0,0.5,0.1,Imported anomaly flag from CSV (1 flagged calls on 2025-01-15),,False,,2025-01-15 23:59:59+00:00,*,*
b6513867-5545-4c58-9cae-4246b3fce51c,C2_MEDIUM,token_spike,high,csv_import,1,,,,1.0,0.5,0.1,Imported anomaly flag from CSV (1 flagged calls on 2025-01-15),,False,,2025-01-15 23:59:59+00:00,*,*
3cebf5b8-f3c8-478f-b08c-5a784dc4c85e,C3_ENTERPRISE,token_spike,high,csv_import,1,,,,4.0,2.0,0.4,Imported anomaly flag from CSV (4 flagged calls on 2025-01-15),,False,,2025-01-15 23:59:59+00:00,*,*
345e9b8e-4acc-4b3e-980c-2d843a0f556b,C1_SMALL,token_spike,warning,csv_import,1,,,,1.0,0.5,0.1,Imported anomaly flag from CSV (1 flagged calls on 2025-01-14),,False,,2025-01-14 23:59:59+00:00,*,*
c7282d44-b92d-4135-a277-d21f1d7d0b39,C2_MEDIUM,token_spike,high,csv_import,1,,,,2.0,1.0,0.2,Imported anomaly flag from CSV (2 flagged calls on 2025-01-14),,False,,2025-01-14 23:59:59+00:00,*,*
5c703b27-933b-4279-b5bd-03caaf404fb4,C3_ENTERPRISE,token_spike,high,csv_import,1,,,,8.0,4.0,0.8,Imported anomaly flag from CSV (8 flagged calls on 2025-01-14),,False,,2025-01-14 23:59:59+00:00,*,*
e844a4c9-84d2-40ea-a28f-14e1395aa246,C1_SMALL,token_spike,critical,csv_import,1,,,,3.0,1.5,0.30000000000000004,Imported anomaly flag from CSV (3 flagged calls on 2025-01-13),,False,,2025-01-13 23:59:59+00:00,*,*
7594ef87-8366-4fe8-a9ea-59a4949be0e3,C2_MEDIUM,token_spike,high,csv_import,1,,,,2.0,1.0,0.2,Imported anomaly flag from CSV (2 flagged calls on 2025-01-13),,False,,2025-01-13 23:59:59+00:00,*,*
da706e4b-f533-4d3e-9363-581740b870eb,C3_ENTERPRISE,token_spike,critical,csv_import,1,,,,8.0,4.0,0.8,Imported anomaly flag from CSV (8 flagged calls on 2025-01-13),,False,,2025-01-13 23:59:59+00:00,*,*
4c4b630e-27b0-4a28-98f1-af70037a71f3,C1_SMALL,token_spike,critical,csv_import,1,,,,1.0,0.5,0.1,Imported anomaly flag from CSV (1 flagged calls on 2025-01-12),,False,,2025-01-12 23:59:59+00:00,*,*
9e207752-f6f7-41aa-b912-3b702e951804,C3_ENTERPRISE,token_spike,warning,csv_import,1,,,,3.0,1.5,0.30000000000000004,Imported anomaly flag from CSV (3 flagged calls on 2025-01-12),,False,,2025-01-12 23:59:59+00:00,*,*
86967170-ba8f-4014-8919-476d2a3dc7b2,C2_MEDIUM,token_spike,high,csv_import,1,,,,2.0,1.0,0.2,Imported anomaly flag from CSV (2 flagged calls on 2025-01-11),,False,,2025-01-11 23:59:59+00:00,*,*
d160920e-7ce1-4744-b063-1b04c6b97e9c,C3_ENTERPRISE,token_spike,warning,csv_import,1,,,,6.0,3.0,0.6000000000000001,Imported anomaly flag from CSV (6 flagged calls on 2025-01-11),,False,,2025-01-11 23:59:59+00:00,*,*
5d145abe-fa52-4f62-bcf1-25534cef0d6a,C1_SMALL,token_spike,warning,csv_import,1,,,,1.0,0.5,0.1,Imported anomaly flag from CSV (1 flagged calls on 2025-01-10),,False,,2025-01-10 23:59:59+00:00,*,*
c4d6f00f-0e8b-42fd-9ed8-975b4bde3c8b,C2_MEDIUM,token_spike,warning,csv_import,1,,,,1.0,0.5,0.1,Imported anomaly flag from CSV (1 flagged calls on 2025-01-10),,False,,2025-01-10 23:59:59+00:00,*,*
eec7de9b-c80a-41b2-85ea-5101b101a691,C3_ENTERPRISE,token_spike,high,csv_import,1,,,,8.0,4.0,0.8,Imported anomaly flag from CSV (8 flagged calls on 2025-01-10),,False,,2025-01-10 23:59:59+00:00,*,*
320d0f79-9b3c-4e23-b98c-c5030e76e419,C1_SMALL,token_spike,critical,csv_import,1,,,,1.0,0.5,0.1,Imported anomaly flag from CSV (1 flagged calls on 2025-01-09),,False,,2025-01-09 23:59:59+00:00,*,*
57eb6be7-5ca2-4529-8969-8a12a78f49dd,C2_MEDIUM,token_spike,critical,csv_import,1,,,,1.0,0.5,0.1,Imported anomaly flag from CSV (1 flagged calls on 2025-01-09),,False,,2025-01-09 23:59:59+00:00,*,*
9f88510a-15fb-44ea-86be-4db769762f5c,C3_ENTERPRISE,token_spike,high,csv_import,1,,,,13.0,6.5,1.3,Imported anomaly flag from CSV (13 flagged calls on 2025-01-09),,False,,2025-01-09 23:59:59+00:00,*,*
42c05467-55c7-4133-88f3-2fb2aeb0325c,C2_MEDIUM,token_spike,warning,csv_import,1,,,,1.0,0.5,0.1,Imported anomaly flag from CSV (1 flagged calls on 2025-01-08),,False,,2025-01-08 23:59:59+00:00,*,*
57fca80d-10a4-46af-b20c-b08668b2d060,C3_ENTERPRISE,token_spike,high,csv_import,1,,,,4.0,2.0,0.4,Imported anomaly flag from CSV (4 flagged calls on 2025-01-08),,False,,2025-01-08 23:59:59+00:00,*,*
b288ba67-135d-49a9-a1e7-a1be85b3759e,C2_MEDIUM,token_spike,critical,csv_import,1,,,,5.0,2.5,0.5,Imported anomaly flag from CSV (5 flagged calls on 2025-01-07),,False,,2025-01-07 23:59:59+00:00,*,*
f18f68ce-c2a0-4f2b-815f-0189ae77e216,C3_ENTERPRISE,token_spike,high,csv_import,1,,,,13.0,6.5,1.3,Imported anomaly flag from CSV (13 flagged calls on 2025-01-07),,False,,2025-01-07 23:59:59+00:00,*,*
25f0b040-118a-40f2-9bf0-2407db619419,C1_SMALL,token_spike,high,csv_import,1,,,,1.0,0.5,0.1,Imported anomaly flag from CSV (1 flagged calls on 2025-01-06),,False,,2025-01-06 23:59:59+00:00,*,*
42c6d8df-e1aa-4230-af7d-56398d8ca09c,C2_MEDIUM,token_spike,warning,csv_import,1,,,,1.0,0.5,0.1,Imported anomaly flag from CSV (1 flagged calls on 2025-01-06),,False,,2025-01-06 23:59:59+00:00,*,*
6cef8281-852d-4c4f-bf00-c5785a037c1d,C3_ENTERPRISE,token_spike,warning,csv_import,1,,,,7.0,3.5,0.7000000000000001,Imported anomaly flag from CSV (7 flagged calls on 2025-01-06),,False,,2025-01-06 23:59:59+00:00,*,*
ffbf20bb-f096-43db-9956-5daa89c53780,C3_ENTERPRISE,token_spike,critical,csv_import,1,,,,9.0,4.5,0.9,Imported anomaly flag from CSV (9 flagged calls on 2025-01-05),,False,,2025-01-05 23:59:59+00:00,*,*
09fd2be8-c7a2-401e-90e6-3ae6859b759a,C1_SMALL,token_spike,high,csv_import,1,,,,1.0,0.5,0.1,Imported anomaly flag from CSV (1 flagged calls on 2025-01-04),,False,,2025-01-04 23:59:59+00:00,*,*
0d6700c3-0ae3-4647-84db-e1b30b97144e,C2_MEDIUM,token_spike,warning,csv_import,1,,,,1.0,0.5,0.1,Imported anomaly flag from CSV (1 flagged calls on 2025-01-04),,False,,2025-01-04 23:59:59+00:00,*,*
a99e0d38-eb9b-4b42-92be-d8e09200d350,C3_ENTERPRISE,token_spike,critical,csv_import,1,,,,2.0,1.0,0.2,Imported anomaly flag from CSV (2 flagged calls on 2025-01-04),,False,,2025-01-04 23:59:59+00:00,*,*
560437f8-5bde-4674-8b6f-687f7733aa19,C2_MEDIUM,token_spike,high,csv_import,1,,,,1.0,0.5,0.1,Imported anomaly flag from CSV (1 flagged calls on 2025-01-03),,False,,2025-01-03 23:59:59+00:00,*,*
8bd3f891-63e3-478e-901b-680b9dc76fa8,C3_ENTERPRISE,token_spike,warning,csv_import,1,,,,9.0,4.5,0.9,Imported anomaly flag from CSV (9 flagged calls on 2025-01-03),,False,,2025-01-03 23:59:59+00:00,*,*
408f72f2-a9fa-4f6e-bf8d-3cca74286453,C2_MEDIUM,token_spike,warning,csv_import,1,,,,4.0,2.0,0.4,Imported anomaly flag from CSV (4 flagged calls on 2025-01-02),,False,,2025-01-02 23:59:59+00:00,*,*
21a75166-d5f3-4e56-be28-400e7bf769e0,C3_ENTERPRISE,token_spike,warning,csv_import,1,,,,8.0,4.0,0.8,Imported anomaly flag from CSV (8 flagged calls on 2025-01-02),,False,,2025-01-02 23:59:59+00:00,*,*
4fea3811-a9d9-45d6-ab96-d2c3c07942c0,C1_SMALL,token_spike,critical,csv_import,1,,,,1.0,0.5,0.1,Imported anomaly flag from CSV (1 flagged calls on 2025-01-01),,False,,2025-01-01 23:59:59+00:00,*,*
6ba92482-0e6c-4b9f-a2f3-77f23eae1a6f,C2_MEDIUM,token_spike,high,csv_import,1,,,,2.0,1.0,0.2,Imported anomaly flag from CSV (2 flagged calls on 2025-01-01),,False,,2025-01-01 23:59:59+00:00,*,*
78f272fa-7b5b-4db4-b577-3b405639dbf0,C3_ENTERPRISE,token_spike,critical,csv_import,1,,,,10.0,5.0,1.0,Imported anomaly flag from CSV (10 flagged calls on 2025-01-01),,False,,2025-01-01 23:59:59+00:00,*,*
